<?xml version="1.0" encoding="UTF-8"?><toc xmlns:toc="http://www.oxygenxml.com/ns/webhelp/toc" xmlns="http://www.oxygenxml.com/ns/webhelp/toc" xmlns:xhtml="http://www.w3.org/1999/xhtml"><title><span xmlns="http://www.w3.org/1999/xhtml" class="title">Mounting and Matting Art</span></title><topic href="MountAndMat-CONCEPTS.html" data-id="Untitled" wh-toc-id="Untitled-d62e11"><title>Mounting and Matting Art Overview</title><shortdesc><p xmlns="http://www.w3.org/1999/xhtml" class="shortdesc">Attaching fragile art between a mounting board and a window mat protects the art and enhances its         appearance.</p></shortdesc><topicmeta><resourceid class="- topic/resourceid " oxy-source="topic" appid="Untitled"></resourceid><navtitle class="- topic/navtitle ">Mounting and Matting Art Overview</navtitle><?ditaot gentext?><linktext class="- map/linktext ">Mounting and Matting Art Overview</linktext><?ditaot genshortdesc?><shortdesc class="- map/shortdesc ">Attaching fragile art between a <text class="- topic/text ">mounting board</text> and a <text class="- topic/text ">window mat</text> protects the art and enhances its         appearance.</shortdesc></topicmeta></topic><topic href="MountingAndMatting-TASKS.html" data-id="Untitled" wh-toc-id="Untitled-d62e29"><title>Mounting and Matting Procedures</title><shortdesc><p xmlns="http://www.w3.org/1999/xhtml" class="shortdesc">You can cut your own mounting boards         and window mats, or you can buy them         already cut and then attach them to the art.</p></shortdesc><topicmeta><resourceid class="- topic/resourceid " oxy-source="topic" appid="Untitled"></resourceid><navtitle class="- topic/navtitle ">Mounting and Matting Procedures</navtitle><?ditaot gentext?><linktext class="- map/linktext ">Mounting and Matting Procedures</linktext><?ditaot genshortdesc?><shortdesc class="- map/shortdesc ">You can cut your own <text class="- topic/text ">mounting board</text>s         and <text class="- topic/text ">window mat</text>s, or you can buy them         already cut and then attach them to the art.</shortdesc></topicmeta></topic><topic href="MountingAndMatting-REFERENCE.html" data-id="refMountingAndMatting" wh-toc-id="refMountingAndMatting-d62e47"><title>Reference for Mounting and Matting Art</title><shortdesc><p xmlns="http://www.w3.org/1999/xhtml" class="shortdesc">Refer to this section for typical sizes and specifications of materials.</p></shortdesc><topicmeta><resourceid class="- topic/resourceid " oxy-source="topic" appid="refMountingAndMatting"></resourceid><navtitle class="- topic/navtitle ">Reference for Mounting and Matting Art</navtitle><?ditaot gentext?><linktext class="- map/linktext ">Reference for Mounting and Matting Art</linktext><?ditaot genshortdesc?><shortdesc class="- map/shortdesc ">Refer to this section for typical sizes and specifications of materials.</shortdesc></topicmeta></topic></toc>