<?xml version="1.0" encoding="UTF-8"?><toc xmlns:toc="http://www.oxygenxml.com/ns/webhelp/toc" xmlns="http://www.oxygenxml.com/ns/webhelp/toc" xmlns:xhtml="http://www.w3.org/1999/xhtml"><title><span xmlns="http://www.w3.org/1999/xhtml" class="title">Tuning a Piano</span></title><topic href="concept-example.html" data-id="sample_concept" wh-toc-id="sample_concept-d62e11"><title>Tuning a Piano Introduction</title><shortdesc><p xmlns="http://www.w3.org/1999/xhtml" class="shortdesc">You can tune a piano with just a few pieces of equipment.</p></shortdesc><topicmeta><resourceid class="- topic/resourceid " oxy-source="topic" appid="sample_concept"></resourceid><navtitle class="- topic/navtitle ">Tuning a Piano Introduction</navtitle><?ditaot gentext?><linktext class="- map/linktext ">Tuning a Piano Introduction</linktext><?ditaot genshortdesc?><shortdesc class="- map/shortdesc ">You can tune a piano with just a few pieces of equipment.</shortdesc></topicmeta></topic><topic href="task-example.html" data-id="tuneOctaves" wh-toc-id="tuneOctaves-d62e23"><title>Tuning Each Octave</title><shortdesc><p xmlns="http://www.w3.org/1999/xhtml" class="shortdesc">Tune the piano an octave at a time, starting with Middle C, working toward the right,     then working down to the left.</p></shortdesc><topicmeta><resourceid class="- topic/resourceid " oxy-source="topic" appid="tuneOctaves"></resourceid><navtitle class="- topic/navtitle ">Tuning Each Octave</navtitle><?ditaot gentext?><linktext class="- map/linktext ">Tuning Each Octave</linktext><?ditaot genshortdesc?><shortdesc class="- map/shortdesc ">Tune the piano an octave at a time, starting with Middle C, working toward the right,     then working down to the left.</shortdesc></topicmeta></topic><topic href="reference-example.html" data-id="pianoTuningReference" wh-toc-id="pianoTuningReference-d62e35"><title>References for Piano Tuning</title><shortdesc><p xmlns="http://www.w3.org/1999/xhtml" class="shortdesc">You may find these references useful for chord progressions and tuning schemes.</p></shortdesc><topicmeta><resourceid class="- topic/resourceid " oxy-source="topic" appid="pianoTuningReference"></resourceid><navtitle class="- topic/navtitle ">References for Piano Tuning</navtitle><?ditaot gentext?><linktext class="- map/linktext ">References for Piano Tuning</linktext><?ditaot genshortdesc?><shortdesc class="- map/shortdesc ">You may find these references useful for chord progressions and tuning schemes.</shortdesc></topicmeta></topic></toc>