<?xml version="1.0" encoding="UTF-8"?>
<?xml-stylesheet type='text/css' href='file:/C:/Program Files/Oxygen XML Editor 21/frameworks/dita/DITA-OT3.x/plugins/com.oxygenxml.webhelp.responsive/oxygen-webhelp/app/topic-page-print.css'?>
<?xml-stylesheet type='text/css' href='file:/C:/Program Files/Oxygen XML Editor 21/frameworks/dita/css/print/p-dita.css'?>
<?xml-stylesheet type='text/css' href='file:/C:/Program Files/Oxygen XML Editor 21/frameworks/dita/DITA-OT3.x/plugins/com.oxygenxml.editlink/pdf-css.css'?>
<?xml-stylesheet type='text/css' href='file:/C:/Program%20Files/Oxygen%20XML%20Editor%2021/frameworks/dita/DITA-OT3.x/plugins/com.oxygenxml.webhelp.responsive/templates/ashes/ashes-print.css'?>
<map xmlns:ditaarch="http://dita.oasis-open.org/architecture/2005/" xmlns:opentopic-index="http://www.idiominc.com/opentopic/index" xmlns:xs="http://www.w3.org/2001/XMLSchema" xmlns:oxy="http://www.oxygenxml.com/extensions/author" xmlns:nd="http://www.oxygenxml.com/css2fo/named-destinations" xmlns:opentopic="http://www.idiominc.com/opentopic" xmlns:css2fo="http://www.oxygenxml.com/css2fo" xmlns:dita-ot="dita-ot.sourceforge.net/ns/201007/dita-ot" cascade="merge" class="- map/map " ditaarch:DITAArchVersion="1.3" domains="(map mapgroup-d) (topic abbrev-d) (topic delay-d) a(props deliveryTarget) (map ditavalref-d) (map glossref-d) (topic hazard-d) (topic hi-d) (topic indexing-d) (topic markup-d) (topic pr-d) (topic relmgmt-d) (topic sw-d) (topic ui-d) (topic ut-d) (topic markup-d xml-d)" xtrc="map:1;3:6" xtrf="file:/F:/Lois/Dropbox/WorkingFiles/TechnicalWriting_Middlesex/05_Assignments/get_started_dita-lekMountingMattingArt/MountingAndMattingMAP.ditamap"><oxy:front-page class="- front-page/front-page "><oxy:front-page-title class="- front-page/front-page-title "><title xmlns:dita-ot="http://dita-ot.sourceforge.net/ns/201007/dita-ot" xmlns:ot-placeholder="http://suite-sol.com/namespaces/ot-placeholder" class="- topic/title ">Mounting and Matting Art</title></oxy:front-page-title></oxy:front-page><opentopic:map xmlns:ot-placeholder="http://suite-sol.com/namespaces/ot-placeholder" class="- toc/toc "><oxy:toc-title class="- toc/title " empty="true"/>
    <title xmlns:dita-ot="http://dita-ot.sourceforge.net/ns/201007/dita-ot" class="- topic/title ">Mounting and Matting Art</title>
    <topicref xmlns:dita-ot="http://dita-ot.sourceforge.net/ns/201007/dita-ot" is-chapter="true" class="- map/topicref " href="#unique_1" type="concept"><topicmeta class="- map/topicmeta " data-topic-id="Untitled"><resourceid appid="Untitled" class="- topic/resourceid " oxy-source="topic"/><navtitle href="#unique_1" class="- topic/navtitle ">Mounting and Matting Art Overview</navtitle><?ditaot gentext?><?ditaot genshortdesc?><shortdesc class="- map/shortdesc ">Attaching fragile art between a <text class="- topic/text ">mounting board</text> and a <text class="- topic/text ">window mat</text> protects the art and enhances its         appearance.</shortdesc></topicmeta></topicref>
    <topicref xmlns:dita-ot="http://dita-ot.sourceforge.net/ns/201007/dita-ot" is-chapter="true" class="- map/topicref " href="#unique_2" type="task"><topicmeta class="- map/topicmeta " data-topic-id="Untitled"><resourceid appid="Untitled" class="- topic/resourceid " oxy-source="topic"/><navtitle href="#unique_2" class="- topic/navtitle ">Mounting and Matting Procedures</navtitle><?ditaot gentext?><?ditaot genshortdesc?><shortdesc class="- map/shortdesc ">You can cut your own <text class="- topic/text ">mounting board</text>s         and <text class="- topic/text ">window mat</text>s, or you can buy them         already cut and then attach them to the art.</shortdesc></topicmeta></topicref>
    <topicref xmlns:dita-ot="http://dita-ot.sourceforge.net/ns/201007/dita-ot" is-chapter="true" class="- map/topicref " href="#unique_3" type="reference"><topicmeta class="- map/topicmeta " data-topic-id="refMountingAndMatting"><resourceid appid="refMountingAndMatting" class="- topic/resourceid " oxy-source="topic"/><navtitle href="#unique_3" class="- topic/navtitle ">Reference for Mounting and Matting Art</navtitle><?ditaot gentext?><?ditaot genshortdesc?><shortdesc class="- map/shortdesc ">Refer to this section for typical sizes and specifications of materials.</shortdesc></topicmeta></topicref> 
</opentopic:map><concept xmlns:dita-ot="http://dita-ot.sourceforge.net/ns/201007/dita-ot" break-before="true" is-chapter="true" oxy:topicref-class="- map/topicref " class="- topic/topic concept/concept " id="unique_1" nd:nd-id="Untitled" oid="Untitled">
    <title class="- topic/title ">Mounting and Matting Art Overview</title>
    <shortdesc class="- topic/shortdesc ">Attaching fragile art between a <text class="- topic/text ">mounting board</text> and a <text class="- topic/text ">window mat</text> protects the art and enhances its
        appearance.</shortdesc>
    <conbody class="- topic/body  concept/conbody ">
        <section class="- topic/section " id="unique_1_Connect_42_section_whatIsMountingArt" nd:nd-id="section_whatIsMountingArt">
            <title class="- topic/title ">What Does Mounting Art Involve?</title>
            <p class="- topic/p ">Mounting a piece of art means attaching the art to a sturdy piece of material that
                will rest behind the art. This material could be <text class="- topic/text ">matboard</text>, cardboard, or something
                similar. Acid-free mounting material is best to protect the art from fading over
                time. The art and its <text class="- topic/text ">mounting board</text> might then be placed inside a frame or inserted into a protective plastic
                sleeve.</p>
            <p class="- topic/p ">
                <fig class="- topic/fig " id="unique_1_Connect_42_fig_cxc_dc5_fhb" nd:nd-id="fig_cxc_dc5_fhb"><title class="- topic/title ">Example of Mounted and Matted Art</title><image class="- topic/image " href="file:/F:/Lois/Dropbox/WorkingFiles/TechnicalWriting_Middlesex/05_Assignments/get_started_dita-lekMountingMattingArt/images/endGoalMatted_WithArrows.png" id="unique_1_Connect_42_image_dxc_dc5_fhb" nd:nd-id="image_dxc_dc5_fhb" placement="inline" width="400">
                        <alt class="- topic/alt ">illustration of matted art</alt>
                    </image></fig>
            </p>
            <p class="- topic/p ">The sturdy mounting board adds strength to keep fragile art upright, especially when
                it is hanging or held in a vertical position.</p>
            <p class="- topic/p ">Mounting a piece of art minimizes damage from everyday handling. If an object
                accidentally hits the back of the art, the <text class="- topic/text ">mounting board</text> can help save the art
                from being ruined.</p>
        </section>
        <section class="- topic/section " id="unique_1_Connect_42_section_whyMat" nd:nd-id="section_whyMat">
            <title class="- topic/title ">Why Add a <text class="- topic/text ">Window Mat</text>?</title>
            <p class="- topic/p ">Certain types of art typically have a <text class="- topic/text ">window mat</text> in front of the art. The
                    <text class="- topic/text ">window mat</text> is a piece of <text class="- topic/text ">matboard</text> with an area cut out to
                reveal the art behind it. This leaves a <text class="- topic/text ">border</text> around the visible art
                area.</p>
            <p class="- topic/p ">The <text class="- topic/text ">window mat</text> serves as a spacer
                when the art is framed, to keep the glass from touching the art. Original watercolor
                paintings can be ruined if any moisture (such as condensation on the frame glass)
                touches the paint, causing the paint to run. Charcoal drawings can be smudged if the
                frame glass pushes against the drawing. The <text class="- topic/text ">window mat</text> provides the protection of
                extra space.</p>
            <p class="- topic/p ">A <text class="- topic/text ">window mat</text> can improve the viewing
                experience by allowing visual space for the eyes to rest. It focuses the viewer to
                see the art in the middle of the <text class="- topic/text ">window mat</text>. Different <text class="- topic/text ">window mat</text> colors can bring out
                various colors in the art and affect the mood that the art suggests. There are many
                opinions about choosing <text class="- topic/text ">window mat</text>
                colors and the width of the <text class="- topic/text ">border</text>.</p>
            <note class="- topic/note ">Some art galleries require <text class="- topic/text ">window mat</text>s to be
                white or off-white.</note>
        </section>
        <section class="- topic/section " id="unique_1_Connect_42_section_gettingArtMounted" nd:nd-id="section_gettingArtMounted">
            <title class="- topic/title ">Getting the Art Mounted and Matted</title>
            <p class="- topic/p ">Ideally, the artist should mount and mat the work of art soon after finishing it and
                before shipping, framing, or storing it. It is especially important to be very
                careful with art before it is mounted and matted, since it is more susceptible to
                damage from handling and accidents.</p>
            <p class="- topic/p ">The <text class="- topic/text ">window mat</text> can be changed out at
                any time. A different color or style will bring out various features of the art and
                can match the displayed art to the decorating style of where it will be placed.
                Another time to change the <text class="- topic/text ">window mat</text> is when the size of its frame is changed.</p>
            <p class="- topic/p ">To mount or mat a piece of art, you can buy precut <text class="- topic/text ">mounting board</text>s and <text class="- topic/text ">window mat</text>s, or you can buy a larger
                piece of <text class="- topic/text ">matboard</text> and cut your
                own. Non-standard sizes and shapes will require custom cutting for the <text class="- topic/text ">mounting board</text> and <text class="- topic/text ">window mat</text>.</p>
            <p class="- topic/p ">In the case that fragile art will remain unframed, the art should be placed in a
                protective plastic sleeve or shrink-wrapped. The art will still need mounting and
                matting to keep the plastic from touching the art.</p>
        </section>
        <section class="- topic/section " id="unique_1_Connect_42_section_cuttingYourOwn" nd:nd-id="section_cuttingYourOwn">
            <title class="- topic/title ">Cutting Your Own <text class="- topic/text ">Mounting Board</text>s and <text class="- topic/text ">Window Mat</text>s</title>
            <p class="- topic/p ">If you are able to cut your own <text class="- topic/text ">mounting board</text>s and <text class="- topic/text ">window mat</text>s, you will gain these
                advantages:</p>
            <ul class="- topic/ul ">
                <li class="- topic/li ">Cutting your own mats saves money.</li>
                <li class="- topic/li ">You will be able to handle non-standard sizes.</li>
                <li class="- topic/li ">You will be ready to mount and mat art at any time, as long as you have the
                    materials on hand. This also allows you to easily handle the possibility of a
                        <text class="- topic/text ">customer</text> changing the size
                    after you begin.</li>
                <li class="- topic/li ">You will have leftover <text class="- topic/text ">matboard</text>
                    that you can use for other projects.</li>
            </ul>
            <p class="- topic/p ">You should be aware of these impacts to your work when cutting your own <text class="- topic/text ">mounting board</text>s and <text class="- topic/text ">window mat</text>s:</p>
            <ul class="- topic/ul ">
                <li class="- topic/li ">Large pieces of <text class="- topic/text ">matboard</text>
                    require a large storage space.</li>
                <li class="- topic/li ">It takes more time to cut your own mats than to use precut mats.</li>
                <li class="- topic/li ">You may need extra lead time to order and receive large pieces of <text class="- topic/text ">matboard</text>.</li>
                <li class="- topic/li ">You will need a large flat work surface on which to: <ul class="- topic/ul ">
                        <li class="- topic/li ">Place the large <text class="- topic/text ">matboard</text> to mark it with pencil for cutting.</li>
                        <li class="- topic/li ">Place your <text class="- topic/text ">mat cutter equipment</text>,
                            which can take a lot of room when cutting <text class="- topic/text ">matboard</text>. </li>
                    </ul></li>
                <li class="- topic/li ">You will need to have extra tools on hand.</li>
                <li class="- topic/li ">You will need to be extra careful around sharp tools.</li>
                <li class="- topic/li ">The process will require extra quality inspections.</li>
                <li class="- topic/li ">You may need to redo the task to produce a better quality outcome, which takes
                    extra time and materials. You should add extra time when estimating a finish
                    date. You should also make sure to have extra materials on hand.</li>
            </ul>
        </section>
    </conbody>
</concept><task xmlns:dita-ot="http://dita-ot.sourceforge.net/ns/201007/dita-ot" break-before="true" is-chapter="true" oxy:topicref-class="- map/topicref " class="- topic/topic task/task " id="unique_2" nd:nd-id="Untitled" oid="Untitled">
    <title class="- topic/title ">Mounting and Matting Procedures</title>
    <shortdesc class="- topic/shortdesc ">You can cut your own <text class="- topic/text ">mounting board</text>s
        and <text class="- topic/text ">window mat</text>s, or you can buy them
        already cut and then attach them to the art.</shortdesc>
    <taskbody class="- topic/body task/taskbody ">
        <context class="- topic/section task/context ">
            <p class="- topic/p ">To mount and mat a piece of art, you will attach it between a <text class="- topic/text ">window mat</text> and a <text class="- topic/text ">mounting board</text>.</p>
            <p class="- topic/p ">
                <fig class="- topic/fig " id="unique_2_Connect_42_fig_bj4_p3y_fhb" nd:nd-id="fig_bj4_p3y_fhb"><title class="- topic/title ">Close-Up of Mounted and Matted Art</title><image class="- topic/image " href="file:/F:/Lois/Dropbox/WorkingFiles/TechnicalWriting_Middlesex/05_Assignments/get_started_dita-lekMountingMattingArt/images/closeUp.png" id="unique_2_Connect_42_image_dj4_p3y_fhb" nd:nd-id="image_dj4_p3y_fhb" placement="inline" width="400">
                        <alt class="- topic/alt ">close-up of matted art</alt>
                    </image></fig>
            </p>
        </context>
        <steps class="- topic/ol task/steps ">
            <step class="- topic/li task/step ">
                <cmd class="- topic/ph task/cmd ">Decide on the outer dimensions of the <text class="- topic/text ">mounting board</text> and <text class="- topic/text ">window mat</text>, which will match the
                        <text class="- topic/text ">frame size</text>. This decision
                    affects the <text class="- topic/text ">border</text>
                    width.</cmd>
            </step>
            <step class="- topic/li task/step ">
                <cmd class="- topic/ph task/cmd ">Make sure the art will look just right within the inner <text class="- topic/text ">window mat</text> area.</cmd>
            </step>
            <step class="- topic/li task/step ">
                <cmd class="- topic/ph task/cmd ">Make sure the entire piece of art, including its <text class="- topic/text ">background media</text>, will be less than
                    the <text class="- topic/text ">frame size</text> so that you will
                    have room to attach tape to secure it.</cmd>
            </step>
            <step class="- topic/li task/step ">
                <cmd class="- topic/ph task/cmd ">Confirm the <text class="- topic/text ">frame size</text>, <text class="- topic/text ">window mat</text> color, and the <text class="- topic/text ">border</text> width with the
                        <text class="- topic/text ">customer</text>.</cmd>
            </step>
            <step class="- topic/li task/step ">
                <cmd class="- topic/ph task/cmd ">Either gather your precut <text class="- topic/text ">mounting board</text> and <text class="- topic/text ">window mat</text> or prepare to cut your
                    own. If you are using precut mats, skip the rest of this step.</cmd>
                <substeps class="- topic/ol task/substeps ">
                    <substep class="- topic/li task/substep ">
                        <cmd class="- topic/ph task/cmd ">Gather a piece of <text class="- topic/text ">matboard</text> that is large
                            enough to cut two mats. The areas to be cut should be defect-free. The
                            color of the <text class="- topic/text ">mounting board</text> is usually
                            not important, since it will be hidden from view.</cmd>
                    </substep>
                    <substep class="- topic/li task/substep ">
                        <cmd class="- topic/ph task/cmd ">On the back of the large piece of <text class="- topic/text ">matboard</text>, mark the outer
                            cut lines in pencil for two mats at the desired <text class="- topic/text ">frame size</text>.</cmd>
                    </substep>
                    <substep class="- topic/li task/substep ">
                        <cmd class="- topic/ph task/cmd ">Set up your <text class="- topic/text ">mat cutter equipment</text>
                            on a large flat sturdy surface with plenty of space for you to move
                            around it. Keep all sharp items in a safe place while they are not being
                            used.</cmd>
                    </substep>
                    <substep class="- topic/li task/substep ">
                        <cmd class="- topic/ph task/cmd ">Using the <text class="- topic/text ">straight cutter</text>, cut the
                            outer edges of the <text class="- topic/text ">window mat</text> and the <text class="- topic/text ">mounting board</text>.</cmd>
                        <info class="- topic/itemgroup task/info ">Use a fresh blade in the <text class="- topic/text ">straight cutter</text> to start
                            this project, since that is a key element to a quality cut.<hazardstatement class="+ topic/note hazard-d/hazardstatement ">
                                <messagepanel class="+ topic/ul hazard-d/messagepanel " id="unique_2_Connect_42_messagepanel_l43_psf_ghb" nd:nd-id="messagepanel_l43_psf_ghb">
                                    <typeofhazard class="+ topic/li hazard-d/typeofhazard ">Sharp blades!</typeofhazard>
                                    <howtoavoid class="+ topic/li hazard-d/howtoavoid ">Be extremely careful when handling blades. It is
                                        easy to seriously cut yourself. Keep emergency medical
                                        supplies on hand.</howtoavoid>
                                    <howtoavoid class="+ topic/li hazard-d/howtoavoid ">Dispose of used blades in a safe manner so that no
                                        one handling the trash will be injured.</howtoavoid>
                                </messagepanel>
                            </hazardstatement></info>
                    </substep>
                    <substep class="- topic/li task/substep ">
                        <cmd class="- topic/ph task/cmd ">On the back of the <text class="- topic/text ">window mat</text>, mark pencil
                            lines from edge to edge where the <text class="- topic/text ">border</text>s will
                            be.</cmd>
                    </substep>
                    <substep class="- topic/li task/substep ">
                        <cmd class="- topic/ph task/cmd ">Set up the <text class="- topic/text ">mat cutter equipment</text>
                            to cut a bevel cut.
                            Use a fresh blade in the <text class="- topic/text ">bevel cutter</text> to start
                            this project, since that is a key element to a quality cut. The quality
                            of this cut is more important than the quality of the outer cut.</cmd>
                    </substep>
                    <substep class="- topic/li task/substep ">
                        <cmd class="- topic/ph task/cmd ">Place the <text class="- topic/text ">window mat</text>
                            face down into the <text class="- topic/text ">mat cutter equipment</text> so that you
                            can see the pencil lines.</cmd>
                    </substep>
                    <substep class="- topic/li task/substep ">
                        <cmd class="- topic/ph task/cmd ">Line up the pencil lines with the straight guide of the <text class="- topic/text ">mat cutter equipment</text>. </cmd>
                    </substep>
                    <substep class="- topic/li task/substep ">
                        <cmd class="- topic/ph task/cmd ">Align the <text class="- topic/text ">bevel cutter</text>'s guideline to the start of the border line.</cmd>
                    </substep>
                    <substep class="- topic/li task/substep ">
                        <cmd class="- topic/ph task/cmd ">If your <text class="- topic/text ">bevel cutter</text>
                            has a button to lock in the position, press it down.</cmd>
                    </substep>
                    <substep class="- topic/li task/substep ">
                        <cmd class="- topic/ph task/cmd ">Holding the board securely in place, pull the <text class="- topic/text ">bevel cutter</text> in a firm,
                            continuous motion to create the cut until the <text class="- topic/text ">bevel cutter</text>'s guideline
                            reachs the end of the border line.</cmd>
                    </substep>
                    <substep class="- topic/li task/substep ">
                        <cmd class="- topic/ph task/cmd ">Remove the <text class="- topic/text ">bevel cutter</text>.</cmd>
                    </substep>
                    <substep class="- topic/li task/substep ">
                        <cmd class="- topic/ph task/cmd ">Repeat to cut the remaining three border lines.</cmd>
                    </substep>
                    <substep class="- topic/li task/substep ">
                        <cmd class="- topic/ph task/cmd ">Remove the <text class="- topic/text ">window mat</text>
                            and inspect it carefully for quality.</cmd>
                    </substep>
                    <substep class="- topic/li task/substep ">
                        <cmd class="- topic/ph task/cmd ">You will have a leftover piece of <text class="- topic/text ">matboard</text> where there is
                            now a window. You can save the leftover piece to use in future
                            projects.</cmd>
                    </substep>
                </substeps>
            </step>
            <step class="- topic/li task/step ">
                <cmd class="- topic/ph task/cmd ">On the back of the art, very lightly mark an up arrow close to the edge in
                    pencil to remind you which side is the top of the art.</cmd>
            </step>
            <step class="- topic/li task/step ">
                <cmd class="- topic/ph task/cmd ">Position the art on the <text class="- topic/text ">window mat</text> as follows:</cmd>
                <substeps class="- topic/ol task/substeps " id="unique_2_Connect_42_substeps_fyh_w4f_ghb" nd:nd-id="substeps_fyh_w4f_ghb">
                    <substep class="- topic/li task/substep ">
                        <cmd class="- topic/ph task/cmd ">Check to see whether the art is perfectly centered on its <text class="- topic/text ">background media</text> and that the
                                <text class="- topic/text ">window mat</text> borders
                            are symmetrical. If both conditions are met, you can follow these steps
                            to attach the art to the back of the <text class="- topic/text ">window mat</text>. Otherwise,
                            you will need to figure out how to hold the art in the desired position
                            on the <text class="- topic/text ">window mat</text> while
                            you attach the tape.</cmd>
                    </substep>
                    <substep class="- topic/li task/substep ">
                        <cmd class="- topic/ph task/cmd ">On the back of the <text class="- topic/text ">window mat</text>, lightly mark
                            the center of each side in pencil. Then draw vertical lines and
                            horizontal lines from edge to edge to divide the <text class="- topic/text ">window mat</text> into equal
                            sections.</cmd>
                    </substep>
                    <substep class="- topic/li task/substep ">
                        <cmd class="- topic/ph task/cmd ">On the back of the art, lightly mark the center of each side in pencil
                            at the very edge of the art <text class="- topic/text ">background media</text>.</cmd>
                    </substep>
                    <substep class="- topic/li task/substep ">
                        <cmd class="- topic/ph task/cmd ">Place the art face down on the back of the <text class="- topic/text ">window mat</text>.</cmd>
                    </substep>
                    <substep class="- topic/li task/substep ">
                        <cmd class="- topic/ph task/cmd ">Match the centered pencil marks on the art to the centered pencil lines
                            on the <text class="- topic/text ">window mat</text>. Hold
                            this position while you tape the art in the next step.</cmd>
                    </substep>
                </substeps>
            </step>
            <step class="- topic/li task/step ">
                <cmd class="- topic/ph task/cmd ">Attach the art to the back of the <text class="- topic/text ">window mat</text> in a way that
                    minimizes contact with the art <text class="- topic/text ">background media</text>. This will reduce any
                    damage to the art and make it easy to change out the mat at a later date. Attach
                    the art in only a few places to allow opportunity for the <text class="- topic/text ">background media</text> to expand and
                    contract without causing the <text class="- topic/text ">background media</text> to warp. To attach
                    the art:</cmd>
                <substeps class="- topic/ol task/substeps ">
                    <substep class="- topic/li task/substep ">
                        <cmd class="- topic/ph task/cmd ">Place a small amount of <text class="- topic/text ">acid-free linen hinge tape</text> at the top edge of
                            the art in a couple places to secure it to the <text class="- topic/text ">window mat</text>. For larger
                                <text class="- topic/text ">frame size</text>s, you
                            may need to attach more tape in more spots along the top.</cmd>
                    </substep>
                    <substep class="- topic/li task/substep ">
                        <cmd class="- topic/ph task/cmd ">Place a small amount of <text class="- topic/text ">acid-free linen hinge tape</text> at the left and
                            right sides of the art near the edge in order to secure it on the sides
                            of the <text class="- topic/text ">window mat</text>.</cmd>
                    </substep>
                    <substep class="- topic/li task/substep ">
                        <cmd class="- topic/ph task/cmd ">Double-check to make sure the art is still positioned as desired.</cmd>
                    </substep>
                    <substep class="- topic/li task/substep ">
                        <cmd class="- topic/ph task/cmd ">Add a couple more small amounts of tape on the left and right
                            sides.</cmd>
                    </substep>
                    <substep class="- topic/li task/substep ">
                        <cmd class="- topic/ph task/cmd ">Leave the bottom edge untaped.</cmd>
                    </substep>
                    <substep class="- topic/li task/substep ">
                        <cmd class="- topic/ph task/cmd ">Cut slightly larger pieces of <text class="- topic/text ">acid-free linen hinge tape</text> to cover each
                            previously taped area. Attach these pieces in a way that adds security
                            over the original tape without touching any of the art.</cmd>
                    </substep>
                </substeps>
            </step>
            <step class="- topic/li task/step ">
                <cmd class="- topic/ph task/cmd ">Connect the <text class="- topic/text ">window mat</text> to the
                        <text class="- topic/text ">mounting board</text>:</cmd>
                <substeps class="- topic/ol task/substeps " id="unique_2_Connect_42_substeps_wdk_xqf_ghb" nd:nd-id="substeps_wdk_xqf_ghb">
                    <substep class="- topic/li task/substep ">
                        <cmd class="- topic/ph task/cmd ">Place the <text class="- topic/text ">window mat</text>
                            face down.</cmd>
                    </substep>
                    <substep class="- topic/li task/substep ">
                        <cmd class="- topic/ph task/cmd ">Place the <text class="- topic/text ">mounting board</text> face down.</cmd>
                    </substep>
                    <substep class="- topic/li task/substep ">
                        <cmd class="- topic/ph task/cmd ">Position them to touch all along their top edges.</cmd>
                    </substep>
                    <substep class="- topic/li task/substep ">
                        <cmd class="- topic/ph task/cmd ">Place three or more pieces of <text class="- topic/text ">acid-free linen hinge tape</text> on the seam to
                            connect the mat pieces at the top on their back sides.</cmd>
                    </substep>
                </substeps>
            </step>
            <step class="- topic/li task/step ">
                <cmd class="- topic/ph task/cmd ">Fold the <text class="- topic/text ">mounting board</text> back
                    behind the <text class="- topic/text ">window mat</text> to form a
                    type of <text class="- topic/text ">"sandwich"</text>, with the art
                    now positioned between the <text class="- topic/text ">window mat</text> and the <text class="- topic/text ">mounting board</text>.</cmd>
            </step>
            <step class="- topic/li task/step ">
                <cmd class="- topic/ph task/cmd ">Now you are ready to protect the art further by one of these methods:</cmd>
                <choices class="- topic/ul task/choices " id="unique_2_Connect_42_choices_hcq_hrf_ghb" nd:nd-id="choices_hcq_hrf_ghb">
                    <choice class="- topic/li task/choice ">Placing the <text class="- topic/text ">"sandwich"</text>
                        in a frame.</choice>
                    <choice class="- topic/li task/choice ">Placing the <text class="- topic/text ">"sandwich"</text>
                        in a slightly larger plastic sleeve.</choice>
                    <choice class="- topic/li task/choice ">Placing the <text class="- topic/text ">"sandwich"</text>
                        into shrink wrap.</choice>
                </choices>
            </step>
            <step class="- topic/li task/step ">
                <cmd class="- topic/ph task/cmd ">Enjoy your newly protected art, which is ready to be displayed, stored, or
                    delivered!</cmd>
            </step>
        </steps>
    </taskbody>
</task><reference xmlns:dita-ot="http://dita-ot.sourceforge.net/ns/201007/dita-ot" break-before="true" is-chapter="true" oxy:topicref-class="- map/topicref " class="- topic/topic       reference/reference " id="unique_3" nd:nd-id="refMountingAndMatting" oid="refMountingAndMatting">
    <title class="- topic/title ">Reference for Mounting and Matting Art</title>
    <shortdesc class="- topic/shortdesc ">Refer to this section for typical sizes and specifications of materials.</shortdesc>
    <refbody class="- topic/body        reference/refbody ">
        <section class="- topic/section ">
            <title class="- topic/title "><text class="- topic/text ">Mounting Board</text> and <text class="- topic/text ">Window Mat</text> Outer Sizes</title>
            <p class="- topic/p ">The outer dimensions of a <text class="- topic/text ">mounting board</text> and a <text class="- topic/text ">window mat</text> need to match the <text class="- topic/text ">frame size</text> that could be used to
                frame the art, regardless of whether the art will actually be framed. <text class="- topic/text ">            
            The <text class="- topic/text ">frame size</text>
            is not the physical size of the frame, but rather the 
            size of the recessed area on the back of the frame where the contents will be placed.
        </text> When matting
                art, the <text class="- topic/text ">frame size</text> will be
                significantly larger than the dimensions of the visible art area in order to allow
                room for a <text class="- topic/text ">border</text> around the
                art.</p>
            <p class="- topic/p ">Here are some typical <text class="- topic/text ">frame size</text>s.
                You can often buy precut <text class="- topic/text ">mounting board</text>s and <text class="- topic/text ">window mat</text>s in these sizes. If you
                need a different size, you can cut it yourself from a larger piece of <text class="- topic/text ">matboard</text>. </p>
            <table class="- topic/table " colsep="1" frame="all" id="unique_3_Connect_42_table_k3s_jly_fhb" nd:nd-id="table_k3s_jly_fhb" rowsep="1">
                <title class="- topic/title ">Common <text class="- topic/text ">Frame Size</text>s</title>
                <tgroup align="center" class="- topic/tgroup " cols="2">
                    <colspec class="- topic/colspec " colname="col1" colnum="1" colwidth="1*" xtrc="colspec:1;30:69" xtrf="file:/F:/Lois/Dropbox/WorkingFiles/TechnicalWriting_Middlesex/05_Assignments/get_started_dita-lekMountingMattingArt/MountingAndMatting-REFERENCE.dita" style="width:50%;"/>
                    <colspec class="- topic/colspec " colname="col2" colnum="2" colwidth="1*" xtrc="colspec:2;31:69" xtrf="file:/F:/Lois/Dropbox/WorkingFiles/TechnicalWriting_Middlesex/05_Assignments/get_started_dita-lekMountingMattingArt/MountingAndMatting-REFERENCE.dita" style="width:50%;"/>
                    <thead class="- topic/thead ">
                        <row class="- topic/row ">
                            <entry class="- topic/entry " colname="col1" dita-ot:x="1" dita-ot:y="1" xtrc="entry:1;34:36" xtrf="file:/F:/Lois/Dropbox/WorkingFiles/TechnicalWriting_Middlesex/05_Assignments/get_started_dita-lekMountingMattingArt/MountingAndMatting-REFERENCE.dita">Short Side</entry>
                            <entry class="- topic/entry " colname="col2" dita-ot:x="2" dita-ot:y="1" xtrc="entry:2;35:36" xtrf="file:/F:/Lois/Dropbox/WorkingFiles/TechnicalWriting_Middlesex/05_Assignments/get_started_dita-lekMountingMattingArt/MountingAndMatting-REFERENCE.dita">Long Side</entry>
                        </row>
                    </thead>
                    <tbody class="- topic/tbody ">
                        <row class="- topic/row ">
                            <entry class="- topic/entry " colname="col1" dita-ot:x="1" dita-ot:y="2" xtrc="entry:3;40:36" xtrf="file:/F:/Lois/Dropbox/WorkingFiles/TechnicalWriting_Middlesex/05_Assignments/get_started_dita-lekMountingMattingArt/MountingAndMatting-REFERENCE.dita">8"</entry>
                            <entry class="- topic/entry " colname="col2" dita-ot:x="2" dita-ot:y="2" xtrc="entry:4;41:36" xtrf="file:/F:/Lois/Dropbox/WorkingFiles/TechnicalWriting_Middlesex/05_Assignments/get_started_dita-lekMountingMattingArt/MountingAndMatting-REFERENCE.dita">10"</entry>
                        </row>
                        <row class="- topic/row ">
                            <entry class="- topic/entry " colname="col1" dita-ot:x="1" dita-ot:y="3" xtrc="entry:5;44:36" xtrf="file:/F:/Lois/Dropbox/WorkingFiles/TechnicalWriting_Middlesex/05_Assignments/get_started_dita-lekMountingMattingArt/MountingAndMatting-REFERENCE.dita">9"</entry>
                            <entry class="- topic/entry " colname="col2" dita-ot:x="2" dita-ot:y="3" xtrc="entry:6;45:36" xtrf="file:/F:/Lois/Dropbox/WorkingFiles/TechnicalWriting_Middlesex/05_Assignments/get_started_dita-lekMountingMattingArt/MountingAndMatting-REFERENCE.dita">12"</entry>
                        </row>
                        <row class="- topic/row ">
                            <entry class="- topic/entry " colname="col1" dita-ot:x="1" dita-ot:y="4" xtrc="entry:7;48:36" xtrf="file:/F:/Lois/Dropbox/WorkingFiles/TechnicalWriting_Middlesex/05_Assignments/get_started_dita-lekMountingMattingArt/MountingAndMatting-REFERENCE.dita">11"</entry>
                            <entry class="- topic/entry " colname="col2" dita-ot:x="2" dita-ot:y="4" xtrc="entry:8;49:36" xtrf="file:/F:/Lois/Dropbox/WorkingFiles/TechnicalWriting_Middlesex/05_Assignments/get_started_dita-lekMountingMattingArt/MountingAndMatting-REFERENCE.dita">14"</entry>
                        </row>
                        <row class="- topic/row ">
                            <entry class="- topic/entry " colname="col1" dita-ot:x="1" dita-ot:y="5" xtrc="entry:9;52:36" xtrf="file:/F:/Lois/Dropbox/WorkingFiles/TechnicalWriting_Middlesex/05_Assignments/get_started_dita-lekMountingMattingArt/MountingAndMatting-REFERENCE.dita">12"</entry>
                            <entry class="- topic/entry " colname="col2" dita-ot:x="2" dita-ot:y="5" xtrc="entry:10;53:36" xtrf="file:/F:/Lois/Dropbox/WorkingFiles/TechnicalWriting_Middlesex/05_Assignments/get_started_dita-lekMountingMattingArt/MountingAndMatting-REFERENCE.dita">16"</entry>
                        </row>
                        <row class="- topic/row ">
                            <entry class="- topic/entry " colname="col1" dita-ot:x="1" dita-ot:y="6" xtrc="entry:11;56:36" xtrf="file:/F:/Lois/Dropbox/WorkingFiles/TechnicalWriting_Middlesex/05_Assignments/get_started_dita-lekMountingMattingArt/MountingAndMatting-REFERENCE.dita">14"</entry>
                            <entry class="- topic/entry " colname="col2" dita-ot:x="2" dita-ot:y="6" xtrc="entry:12;57:36" xtrf="file:/F:/Lois/Dropbox/WorkingFiles/TechnicalWriting_Middlesex/05_Assignments/get_started_dita-lekMountingMattingArt/MountingAndMatting-REFERENCE.dita">18"</entry>
                        </row>
                        <row class="- topic/row ">
                            <entry class="- topic/entry " colname="col1" dita-ot:x="1" dita-ot:y="7" xtrc="entry:13;60:36" xtrf="file:/F:/Lois/Dropbox/WorkingFiles/TechnicalWriting_Middlesex/05_Assignments/get_started_dita-lekMountingMattingArt/MountingAndMatting-REFERENCE.dita">16"</entry>
                            <entry class="- topic/entry " colname="col2" dita-ot:x="2" dita-ot:y="7" xtrc="entry:14;61:36" xtrf="file:/F:/Lois/Dropbox/WorkingFiles/TechnicalWriting_Middlesex/05_Assignments/get_started_dita-lekMountingMattingArt/MountingAndMatting-REFERENCE.dita">20"</entry>
                        </row>
                        <row class="- topic/row ">
                            <entry class="- topic/entry " colname="col1" dita-ot:x="1" dita-ot:y="8" xtrc="entry:15;64:36" xtrf="file:/F:/Lois/Dropbox/WorkingFiles/TechnicalWriting_Middlesex/05_Assignments/get_started_dita-lekMountingMattingArt/MountingAndMatting-REFERENCE.dita">18"</entry>
                            <entry class="- topic/entry " colname="col2" dita-ot:x="2" dita-ot:y="8" xtrc="entry:16;65:36" xtrf="file:/F:/Lois/Dropbox/WorkingFiles/TechnicalWriting_Middlesex/05_Assignments/get_started_dita-lekMountingMattingArt/MountingAndMatting-REFERENCE.dita">24"</entry>
                        </row>
                        <row class="- topic/row ">
                            <entry class="- topic/entry " colname="col1" dita-ot:x="1" dita-ot:y="9" xtrc="entry:17;68:36" xtrf="file:/F:/Lois/Dropbox/WorkingFiles/TechnicalWriting_Middlesex/05_Assignments/get_started_dita-lekMountingMattingArt/MountingAndMatting-REFERENCE.dita">20"</entry>
                            <entry class="- topic/entry " colname="col2" dita-ot:x="2" dita-ot:y="9" xtrc="entry:18;69:36" xtrf="file:/F:/Lois/Dropbox/WorkingFiles/TechnicalWriting_Middlesex/05_Assignments/get_started_dita-lekMountingMattingArt/MountingAndMatting-REFERENCE.dita">24"</entry>
                        </row>
                        <row class="- topic/row ">
                            <entry class="- topic/entry " colname="col1" dita-ot:x="1" dita-ot:y="10" xtrc="entry:19;72:36" xtrf="file:/F:/Lois/Dropbox/WorkingFiles/TechnicalWriting_Middlesex/05_Assignments/get_started_dita-lekMountingMattingArt/MountingAndMatting-REFERENCE.dita">22"</entry>
                            <entry class="- topic/entry " colname="col2" dita-ot:x="2" dita-ot:y="10" xtrc="entry:20;73:36" xtrf="file:/F:/Lois/Dropbox/WorkingFiles/TechnicalWriting_Middlesex/05_Assignments/get_started_dita-lekMountingMattingArt/MountingAndMatting-REFERENCE.dita">28"</entry>
                        </row>
                        <row class="- topic/row ">
                            <entry class="- topic/entry " colname="col1" dita-ot:x="1" dita-ot:y="11" xtrc="entry:21;76:36" xtrf="file:/F:/Lois/Dropbox/WorkingFiles/TechnicalWriting_Middlesex/05_Assignments/get_started_dita-lekMountingMattingArt/MountingAndMatting-REFERENCE.dita">24"</entry>
                            <entry class="- topic/entry " colname="col2" dita-ot:x="2" dita-ot:y="11" xtrc="entry:22;77:36" xtrf="file:/F:/Lois/Dropbox/WorkingFiles/TechnicalWriting_Middlesex/05_Assignments/get_started_dita-lekMountingMattingArt/MountingAndMatting-REFERENCE.dita">30"</entry>
                        </row>
                        <row class="- topic/row ">
                            <entry class="- topic/entry " colname="col1" dita-ot:x="1" dita-ot:y="12" xtrc="entry:23;80:36" xtrf="file:/F:/Lois/Dropbox/WorkingFiles/TechnicalWriting_Middlesex/05_Assignments/get_started_dita-lekMountingMattingArt/MountingAndMatting-REFERENCE.dita">24"</entry>
                            <entry class="- topic/entry " colname="col2" dita-ot:x="2" dita-ot:y="12" xtrc="entry:24;81:36" xtrf="file:/F:/Lois/Dropbox/WorkingFiles/TechnicalWriting_Middlesex/05_Assignments/get_started_dita-lekMountingMattingArt/MountingAndMatting-REFERENCE.dita">36"</entry>
                        </row>
                        <row class="- topic/row ">
                            <entry class="- topic/entry " colname="col1" dita-ot:x="1" dita-ot:y="13" xtrc="entry:25;84:36" xtrf="file:/F:/Lois/Dropbox/WorkingFiles/TechnicalWriting_Middlesex/05_Assignments/get_started_dita-lekMountingMattingArt/MountingAndMatting-REFERENCE.dita">30"</entry>
                            <entry class="- topic/entry " colname="col2" dita-ot:x="2" dita-ot:y="13" xtrc="entry:26;85:36" xtrf="file:/F:/Lois/Dropbox/WorkingFiles/TechnicalWriting_Middlesex/05_Assignments/get_started_dita-lekMountingMattingArt/MountingAndMatting-REFERENCE.dita">40"</entry>
                        </row>
                    </tbody>
                </tgroup>
            </table>
        </section>
        <section class="- topic/section ">
            <title class="- topic/title ">Inner <text class="- topic/text ">Window Mat</text> Dimensions
                and <text class="- topic/text ">Border</text> Widths</title>
            <p class="- topic/p ">Here are some common sizes of precut <text class="- topic/text ">window mat</text>s along with the calculated
                    <text class="- topic/text ">border</text>s. The window and
                    <text class="- topic/text ">border</text> dimensions are
                approximate. The actual window area is usually slightly smaller than is shown in
                this chart, and the actual <text class="- topic/text ">border</text> is usually slightly
                larger. This slight size difference provides an overlap for art which happens to be
                the same size as the window area. The overlap keeps the art from falling out and
                hides any small areas of the art <text class="- topic/text ">background media</text> which should not be
                visible.</p>
            <p class="- topic/p ">If you need a different size, you can cut the <text class="- topic/text ">window mat</text> yourself.</p>
            <note class="- topic/note ">In addition to rectangular <text class="- topic/text ">window mat</text>s, you can often find
                precut <text class="- topic/text ">window mat</text>s in other shapes
                such as ovals and circles.</note>
            <table class="- topic/table " colsep="1" frame="all" id="unique_3_Connect_42_table_enz_bgz_fhb" nd:nd-id="table_enz_bgz_fhb" rowsep="1">
                <title class="- topic/title ">Common Precut <text class="- topic/text ">Window Mat</text>
                    Sizes</title>
                <tgroup align="center" class="- topic/tgroup " cols="6">
                    <colspec class="- topic/colspec " colname="col1" colnum="1" colwidth="1*" xtrc="colspec:3;116:69" xtrf="file:/F:/Lois/Dropbox/WorkingFiles/TechnicalWriting_Middlesex/05_Assignments/get_started_dita-lekMountingMattingArt/MountingAndMatting-REFERENCE.dita" style="width:16.6667%;"/>
                    <colspec class="- topic/colspec " colname="col2" colnum="2" colwidth="1*" xtrc="colspec:4;117:69" xtrf="file:/F:/Lois/Dropbox/WorkingFiles/TechnicalWriting_Middlesex/05_Assignments/get_started_dita-lekMountingMattingArt/MountingAndMatting-REFERENCE.dita" style="width:16.6667%;"/>
                    <colspec class="- topic/colspec " colname="col3" colnum="3" colwidth="1*" xtrc="colspec:5;118:69" xtrf="file:/F:/Lois/Dropbox/WorkingFiles/TechnicalWriting_Middlesex/05_Assignments/get_started_dita-lekMountingMattingArt/MountingAndMatting-REFERENCE.dita" style="width:16.6667%;"/>
                    <colspec class="- topic/colspec " colname="col4" colnum="4" colwidth="1*" xtrc="colspec:6;119:69" xtrf="file:/F:/Lois/Dropbox/WorkingFiles/TechnicalWriting_Middlesex/05_Assignments/get_started_dita-lekMountingMattingArt/MountingAndMatting-REFERENCE.dita" style="width:16.6667%;"/>
                    <colspec class="- topic/colspec " colname="col5" colnum="5" colwidth="1*" xtrc="colspec:7;120:74" xtrf="file:/F:/Lois/Dropbox/WorkingFiles/TechnicalWriting_Middlesex/05_Assignments/get_started_dita-lekMountingMattingArt/MountingAndMatting-REFERENCE.dita" style="width:16.6667%;"/>
                    <colspec class="- topic/colspec " colname="col6" colnum="6" colwidth="1*" xtrc="colspec:8;121:74" xtrf="file:/F:/Lois/Dropbox/WorkingFiles/TechnicalWriting_Middlesex/05_Assignments/get_started_dita-lekMountingMattingArt/MountingAndMatting-REFERENCE.dita" style="width:16.6667%;"/>
                    <thead class="- topic/thead ">
                        <row class="- topic/row ">
                            <entry class="- topic/entry " colname="col1" dita-ot:x="1" dita-ot:y="1" xtrc="entry:27;124:36" xtrf="file:/F:/Lois/Dropbox/WorkingFiles/TechnicalWriting_Middlesex/05_Assignments/get_started_dita-lekMountingMattingArt/MountingAndMatting-REFERENCE.dita">Outer Measurement Short Side</entry>
                            <entry class="- topic/entry " colname="col2" dita-ot:x="2" dita-ot:y="1" xtrc="entry:28;125:36" xtrf="file:/F:/Lois/Dropbox/WorkingFiles/TechnicalWriting_Middlesex/05_Assignments/get_started_dita-lekMountingMattingArt/MountingAndMatting-REFERENCE.dita">Outer Measurement Long Side</entry>
                            <entry class="- topic/entry " colname="col3" dita-ot:x="3" dita-ot:y="1" xtrc="entry:29;126:36" xtrf="file:/F:/Lois/Dropbox/WorkingFiles/TechnicalWriting_Middlesex/05_Assignments/get_started_dita-lekMountingMattingArt/MountingAndMatting-REFERENCE.dita">Inner Window Measurement Short Side</entry>
                            <entry class="- topic/entry " colname="col4" dita-ot:x="4" dita-ot:y="1" xtrc="entry:30;127:36" xtrf="file:/F:/Lois/Dropbox/WorkingFiles/TechnicalWriting_Middlesex/05_Assignments/get_started_dita-lekMountingMattingArt/MountingAndMatting-REFERENCE.dita">Inner Window Measurement Long Side</entry>
                            <entry class="- topic/entry " colname="col5" dita-ot:x="5" dita-ot:y="1" xtrc="entry:31;128:36" xtrf="file:/F:/Lois/Dropbox/WorkingFiles/TechnicalWriting_Middlesex/05_Assignments/get_started_dita-lekMountingMattingArt/MountingAndMatting-REFERENCE.dita"><text class="- topic/text ">Border</text>
                                Width of Each Short Side</entry>
                            <entry class="- topic/entry " colname="col6" dita-ot:x="6" dita-ot:y="1" xtrc="entry:32;130:36" xtrf="file:/F:/Lois/Dropbox/WorkingFiles/TechnicalWriting_Middlesex/05_Assignments/get_started_dita-lekMountingMattingArt/MountingAndMatting-REFERENCE.dita"><text class="- topic/text ">Border</text>
                                Width of Each Long Side</entry>
                        </row>
                    </thead>
                    <tbody class="- topic/tbody ">
                        <row class="- topic/row ">
                            <entry class="- topic/entry " colname="col1" dita-ot:x="1" dita-ot:y="2" xtrc="entry:33;136:36" xtrf="file:/F:/Lois/Dropbox/WorkingFiles/TechnicalWriting_Middlesex/05_Assignments/get_started_dita-lekMountingMattingArt/MountingAndMatting-REFERENCE.dita">8"</entry>
                            <entry class="- topic/entry " colname="col2" dita-ot:x="2" dita-ot:y="2" xtrc="entry:34;137:36" xtrf="file:/F:/Lois/Dropbox/WorkingFiles/TechnicalWriting_Middlesex/05_Assignments/get_started_dita-lekMountingMattingArt/MountingAndMatting-REFERENCE.dita">10"</entry>
                            <entry class="- topic/entry " colname="col3" dita-ot:x="3" dita-ot:y="2" xtrc="entry:35;138:36" xtrf="file:/F:/Lois/Dropbox/WorkingFiles/TechnicalWriting_Middlesex/05_Assignments/get_started_dita-lekMountingMattingArt/MountingAndMatting-REFERENCE.dita">~5"</entry>
                            <entry class="- topic/entry " colname="col4" dita-ot:x="4" dita-ot:y="2" xtrc="entry:36;139:36" xtrf="file:/F:/Lois/Dropbox/WorkingFiles/TechnicalWriting_Middlesex/05_Assignments/get_started_dita-lekMountingMattingArt/MountingAndMatting-REFERENCE.dita">~7"</entry>
                            <entry class="- topic/entry " colname="col5" dita-ot:x="5" dita-ot:y="2" xtrc="entry:37;140:36" xtrf="file:/F:/Lois/Dropbox/WorkingFiles/TechnicalWriting_Middlesex/05_Assignments/get_started_dita-lekMountingMattingArt/MountingAndMatting-REFERENCE.dita">~1.5"</entry>
                            <entry class="- topic/entry " colname="col6" dita-ot:x="6" dita-ot:y="2" xtrc="entry:38;141:36" xtrf="file:/F:/Lois/Dropbox/WorkingFiles/TechnicalWriting_Middlesex/05_Assignments/get_started_dita-lekMountingMattingArt/MountingAndMatting-REFERENCE.dita">~1.5"</entry>
                        </row>
                        <row class="- topic/row ">
                            <entry class="- topic/entry " colname="col1" dita-ot:x="1" dita-ot:y="3" xtrc="entry:39;144:36" xtrf="file:/F:/Lois/Dropbox/WorkingFiles/TechnicalWriting_Middlesex/05_Assignments/get_started_dita-lekMountingMattingArt/MountingAndMatting-REFERENCE.dita">11"</entry>
                            <entry class="- topic/entry " colname="col2" dita-ot:x="2" dita-ot:y="3" xtrc="entry:40;145:36" xtrf="file:/F:/Lois/Dropbox/WorkingFiles/TechnicalWriting_Middlesex/05_Assignments/get_started_dita-lekMountingMattingArt/MountingAndMatting-REFERENCE.dita">14"</entry>
                            <entry class="- topic/entry " colname="col3" dita-ot:x="3" dita-ot:y="3" xtrc="entry:41;146:36" xtrf="file:/F:/Lois/Dropbox/WorkingFiles/TechnicalWriting_Middlesex/05_Assignments/get_started_dita-lekMountingMattingArt/MountingAndMatting-REFERENCE.dita">~8"</entry>
                            <entry class="- topic/entry " colname="col4" dita-ot:x="4" dita-ot:y="3" xtrc="entry:42;147:36" xtrf="file:/F:/Lois/Dropbox/WorkingFiles/TechnicalWriting_Middlesex/05_Assignments/get_started_dita-lekMountingMattingArt/MountingAndMatting-REFERENCE.dita">~10"</entry>
                            <entry class="- topic/entry " colname="col5" dita-ot:x="5" dita-ot:y="3" xtrc="entry:43;148:36" xtrf="file:/F:/Lois/Dropbox/WorkingFiles/TechnicalWriting_Middlesex/05_Assignments/get_started_dita-lekMountingMattingArt/MountingAndMatting-REFERENCE.dita">~2"</entry>
                            <entry class="- topic/entry " colname="col6" dita-ot:x="6" dita-ot:y="3" xtrc="entry:44;149:36" xtrf="file:/F:/Lois/Dropbox/WorkingFiles/TechnicalWriting_Middlesex/05_Assignments/get_started_dita-lekMountingMattingArt/MountingAndMatting-REFERENCE.dita">~1.5"</entry>
                        </row>
                        <row class="- topic/row ">
                            <entry class="- topic/entry " colname="col1" dita-ot:x="1" dita-ot:y="4" xtrc="entry:45;152:36" xtrf="file:/F:/Lois/Dropbox/WorkingFiles/TechnicalWriting_Middlesex/05_Assignments/get_started_dita-lekMountingMattingArt/MountingAndMatting-REFERENCE.dita">12"</entry>
                            <entry class="- topic/entry " colname="col2" dita-ot:x="2" dita-ot:y="4" xtrc="entry:46;153:36" xtrf="file:/F:/Lois/Dropbox/WorkingFiles/TechnicalWriting_Middlesex/05_Assignments/get_started_dita-lekMountingMattingArt/MountingAndMatting-REFERENCE.dita">16"</entry>
                            <entry class="- topic/entry " colname="col3" dita-ot:x="3" dita-ot:y="4" xtrc="entry:47;154:36" xtrf="file:/F:/Lois/Dropbox/WorkingFiles/TechnicalWriting_Middlesex/05_Assignments/get_started_dita-lekMountingMattingArt/MountingAndMatting-REFERENCE.dita">~8"</entry>
                            <entry class="- topic/entry " colname="col4" dita-ot:x="4" dita-ot:y="4" xtrc="entry:48;155:36" xtrf="file:/F:/Lois/Dropbox/WorkingFiles/TechnicalWriting_Middlesex/05_Assignments/get_started_dita-lekMountingMattingArt/MountingAndMatting-REFERENCE.dita">~12"</entry>
                            <entry class="- topic/entry " colname="col5" dita-ot:x="5" dita-ot:y="4" xtrc="entry:49;156:36" xtrf="file:/F:/Lois/Dropbox/WorkingFiles/TechnicalWriting_Middlesex/05_Assignments/get_started_dita-lekMountingMattingArt/MountingAndMatting-REFERENCE.dita">~2"</entry>
                            <entry class="- topic/entry " colname="col6" dita-ot:x="6" dita-ot:y="4" xtrc="entry:50;157:36" xtrf="file:/F:/Lois/Dropbox/WorkingFiles/TechnicalWriting_Middlesex/05_Assignments/get_started_dita-lekMountingMattingArt/MountingAndMatting-REFERENCE.dita">~2"</entry>
                        </row>
                        <row class="- topic/row ">
                            <entry class="- topic/entry " colname="col1" dita-ot:x="1" dita-ot:y="5" xtrc="entry:51;160:36" xtrf="file:/F:/Lois/Dropbox/WorkingFiles/TechnicalWriting_Middlesex/05_Assignments/get_started_dita-lekMountingMattingArt/MountingAndMatting-REFERENCE.dita">16"</entry>
                            <entry class="- topic/entry " colname="col2" dita-ot:x="2" dita-ot:y="5" xtrc="entry:52;161:36" xtrf="file:/F:/Lois/Dropbox/WorkingFiles/TechnicalWriting_Middlesex/05_Assignments/get_started_dita-lekMountingMattingArt/MountingAndMatting-REFERENCE.dita">20"</entry>
                            <entry class="- topic/entry " colname="col3" dita-ot:x="3" dita-ot:y="5" xtrc="entry:53;162:36" xtrf="file:/F:/Lois/Dropbox/WorkingFiles/TechnicalWriting_Middlesex/05_Assignments/get_started_dita-lekMountingMattingArt/MountingAndMatting-REFERENCE.dita">~11"</entry>
                            <entry class="- topic/entry " colname="col4" dita-ot:x="4" dita-ot:y="5" xtrc="entry:54;163:36" xtrf="file:/F:/Lois/Dropbox/WorkingFiles/TechnicalWriting_Middlesex/05_Assignments/get_started_dita-lekMountingMattingArt/MountingAndMatting-REFERENCE.dita">~14"</entry>
                            <entry class="- topic/entry " colname="col5" dita-ot:x="5" dita-ot:y="5" xtrc="entry:55;164:36" xtrf="file:/F:/Lois/Dropbox/WorkingFiles/TechnicalWriting_Middlesex/05_Assignments/get_started_dita-lekMountingMattingArt/MountingAndMatting-REFERENCE.dita">~3"</entry>
                            <entry class="- topic/entry " colname="col6" dita-ot:x="6" dita-ot:y="5" xtrc="entry:56;165:36" xtrf="file:/F:/Lois/Dropbox/WorkingFiles/TechnicalWriting_Middlesex/05_Assignments/get_started_dita-lekMountingMattingArt/MountingAndMatting-REFERENCE.dita">~2.5"</entry>
                        </row>
                        <row class="- topic/row ">
                            <entry class="- topic/entry " colname="col1" dita-ot:x="1" dita-ot:y="6" xtrc="entry:57;168:36" xtrf="file:/F:/Lois/Dropbox/WorkingFiles/TechnicalWriting_Middlesex/05_Assignments/get_started_dita-lekMountingMattingArt/MountingAndMatting-REFERENCE.dita">18"</entry>
                            <entry class="- topic/entry " colname="col2" dita-ot:x="2" dita-ot:y="6" xtrc="entry:58;169:36" xtrf="file:/F:/Lois/Dropbox/WorkingFiles/TechnicalWriting_Middlesex/05_Assignments/get_started_dita-lekMountingMattingArt/MountingAndMatting-REFERENCE.dita">24"</entry>
                            <entry class="- topic/entry " colname="col3" dita-ot:x="3" dita-ot:y="6" xtrc="entry:59;170:36" xtrf="file:/F:/Lois/Dropbox/WorkingFiles/TechnicalWriting_Middlesex/05_Assignments/get_started_dita-lekMountingMattingArt/MountingAndMatting-REFERENCE.dita">~13"</entry>
                            <entry class="- topic/entry " colname="col4" dita-ot:x="4" dita-ot:y="6" xtrc="entry:60;171:36" xtrf="file:/F:/Lois/Dropbox/WorkingFiles/TechnicalWriting_Middlesex/05_Assignments/get_started_dita-lekMountingMattingArt/MountingAndMatting-REFERENCE.dita">~19"</entry>
                            <entry class="- topic/entry " colname="col5" dita-ot:x="5" dita-ot:y="6" xtrc="entry:61;172:36" xtrf="file:/F:/Lois/Dropbox/WorkingFiles/TechnicalWriting_Middlesex/05_Assignments/get_started_dita-lekMountingMattingArt/MountingAndMatting-REFERENCE.dita">~2.5"</entry>
                            <entry class="- topic/entry " colname="col6" dita-ot:x="6" dita-ot:y="6" xtrc="entry:62;173:36" xtrf="file:/F:/Lois/Dropbox/WorkingFiles/TechnicalWriting_Middlesex/05_Assignments/get_started_dita-lekMountingMattingArt/MountingAndMatting-REFERENCE.dita">~2.5"</entry>
                        </row>
                        <row class="- topic/row ">
                            <entry class="- topic/entry " colname="col1" dita-ot:x="1" dita-ot:y="7" xtrc="entry:63;176:36" xtrf="file:/F:/Lois/Dropbox/WorkingFiles/TechnicalWriting_Middlesex/05_Assignments/get_started_dita-lekMountingMattingArt/MountingAndMatting-REFERENCE.dita">20"</entry>
                            <entry class="- topic/entry " colname="col2" dita-ot:x="2" dita-ot:y="7" xtrc="entry:64;177:36" xtrf="file:/F:/Lois/Dropbox/WorkingFiles/TechnicalWriting_Middlesex/05_Assignments/get_started_dita-lekMountingMattingArt/MountingAndMatting-REFERENCE.dita">24"</entry>
                            <entry class="- topic/entry " colname="col3" dita-ot:x="3" dita-ot:y="7" xtrc="entry:65;178:36" xtrf="file:/F:/Lois/Dropbox/WorkingFiles/TechnicalWriting_Middlesex/05_Assignments/get_started_dita-lekMountingMattingArt/MountingAndMatting-REFERENCE.dita">~16"</entry>
                            <entry class="- topic/entry " colname="col4" dita-ot:x="4" dita-ot:y="7" xtrc="entry:66;179:36" xtrf="file:/F:/Lois/Dropbox/WorkingFiles/TechnicalWriting_Middlesex/05_Assignments/get_started_dita-lekMountingMattingArt/MountingAndMatting-REFERENCE.dita">~20"</entry>
                            <entry class="- topic/entry " colname="col5" dita-ot:x="5" dita-ot:y="7" xtrc="entry:67;180:36" xtrf="file:/F:/Lois/Dropbox/WorkingFiles/TechnicalWriting_Middlesex/05_Assignments/get_started_dita-lekMountingMattingArt/MountingAndMatting-REFERENCE.dita">~2"</entry>
                            <entry class="- topic/entry " colname="col6" dita-ot:x="6" dita-ot:y="7" xtrc="entry:68;181:36" xtrf="file:/F:/Lois/Dropbox/WorkingFiles/TechnicalWriting_Middlesex/05_Assignments/get_started_dita-lekMountingMattingArt/MountingAndMatting-REFERENCE.dita">~2"</entry>
                        </row>
                        <row class="- topic/row ">
                            <entry class="- topic/entry " colname="col1" dita-ot:x="1" dita-ot:y="8" xtrc="entry:69;184:36" xtrf="file:/F:/Lois/Dropbox/WorkingFiles/TechnicalWriting_Middlesex/05_Assignments/get_started_dita-lekMountingMattingArt/MountingAndMatting-REFERENCE.dita">22"</entry>
                            <entry class="- topic/entry " colname="col2" dita-ot:x="2" dita-ot:y="8" xtrc="entry:70;185:36" xtrf="file:/F:/Lois/Dropbox/WorkingFiles/TechnicalWriting_Middlesex/05_Assignments/get_started_dita-lekMountingMattingArt/MountingAndMatting-REFERENCE.dita">28"</entry>
                            <entry class="- topic/entry " colname="col3" dita-ot:x="3" dita-ot:y="8" xtrc="entry:71;186:36" xtrf="file:/F:/Lois/Dropbox/WorkingFiles/TechnicalWriting_Middlesex/05_Assignments/get_started_dita-lekMountingMattingArt/MountingAndMatting-REFERENCE.dita">~18"</entry>
                            <entry class="- topic/entry " colname="col4" dita-ot:x="4" dita-ot:y="8" xtrc="entry:72;187:36" xtrf="file:/F:/Lois/Dropbox/WorkingFiles/TechnicalWriting_Middlesex/05_Assignments/get_started_dita-lekMountingMattingArt/MountingAndMatting-REFERENCE.dita">~24"</entry>
                            <entry class="- topic/entry " colname="col5" dita-ot:x="5" dita-ot:y="8" xtrc="entry:73;188:36" xtrf="file:/F:/Lois/Dropbox/WorkingFiles/TechnicalWriting_Middlesex/05_Assignments/get_started_dita-lekMountingMattingArt/MountingAndMatting-REFERENCE.dita">~2"</entry>
                            <entry class="- topic/entry " colname="col6" dita-ot:x="6" dita-ot:y="8" xtrc="entry:74;189:36" xtrf="file:/F:/Lois/Dropbox/WorkingFiles/TechnicalWriting_Middlesex/05_Assignments/get_started_dita-lekMountingMattingArt/MountingAndMatting-REFERENCE.dita">~2"</entry>
                        </row>
                    </tbody>
                </tgroup>
            </table>
        </section>
        <section class="- topic/section " id="unique_3_Connect_42_section_dzg_c4z_fhb" nd:nd-id="section_dzg_c4z_fhb">
            <title class="- topic/title ">Sources for Precut <text class="- topic/text ">Mounting Board</text>s and <text class="- topic/text ">Window Mat</text>s</title>
            <p class="- topic/p ">Precut <text class="- topic/text ">mounting board</text>s and <text class="- topic/text ">window mat</text>s are widely available in
                common sizes. Some online sources are:</p>
            <ul class="- topic/ul ">
                <li class="- topic/li "><text class="- topic/text ">Mounting Board</text>s: <xref class="- topic/xref " format="html" href="https://framing4yourself.com/shop/products/pre-sized-mats-without-windows/pre-sized-crescent-918-very-white-regular-mat-boar/" scope="external"/></li>
                <li class="- topic/li "><text class="- topic/text ">Window Mat</text>s: <xref class="- topic/xref " format="html" href="https://framing4yourself.com/shop/products/pre-cut-window-mats/4-ply-pre-cut-white-window-mats-pkg-12/" scope="external"/></li>
            </ul>
        </section>
        <section class="- topic/section ">
            <title class="- topic/title ">Sources for Large Pieces of <text class="- topic/text ">Matboard</text></title>
            <p class="- topic/p ">Consider buying a large piece of <text class="- topic/text ">matboard</text> when you need a
                non-standard size, when you cannot locate the precut size you need, or when you
                simply prefer to make your own mats for a number of reasons. Then you will cut it to
                the size you need.</p>
            <p class="- topic/p ">Acid-free <text class="- topic/text ">matboard</text> is recommended
                to reduce fading over time.</p>
            <p class="- topic/p ">Many art supply stores and craft stores carry <text class="- topic/text ">matboard</text>. Here are some online
                sources for buying large sizes of <text class="- topic/text ">matboard</text>:</p>
            <ul class="- topic/ul ">
                <li class="- topic/li ">Off-white color: Dick Blick, Crescent RagMat 32"x40" Palm Beach White, available
                    online at: <xref class="- topic/xref " format="html" href="https://www.dickblick.com/items/13007-1396/" scope="external"/></li>
                <li class="- topic/li ">Other colors: <xref class="- topic/xref " format="html" href="https://www.dickblick.com/products/crescent-ragmat-matboard/" scope="external"/></li>
                <li class="- topic/li ">A different source for white and off-white colors: <xref class="- topic/xref " format="html" href="https://framing4yourself.com/shop/products/decorative-mat-board-whites-and-whites/palm-beach-white-987/" scope="external"/></li>
            </ul>
        </section>
    </refbody>
</reference></map>