<?xml version="1.0" encoding="UTF-8"?>
<?xml-stylesheet type='text/css' href='file:/C:/Program Files/Oxygen XML Editor 21/frameworks/dita/DITA-OT3.x/plugins/com.oxygenxml.webhelp.responsive/oxygen-webhelp/app/topic-page-print.css'?>
<?xml-stylesheet type='text/css' href='file:/C:/Program Files/Oxygen XML Editor 21/frameworks/dita/css/print/p-dita.css'?>
<?xml-stylesheet type='text/css' href='file:/C:/Program Files/Oxygen XML Editor 21/frameworks/dita/DITA-OT3.x/plugins/com.oxygenxml.editlink/pdf-css.css'?>
<map xmlns:ditaarch="http://dita.oasis-open.org/architecture/2005/" xmlns:opentopic-index="http://www.idiominc.com/opentopic/index" xmlns:xs="http://www.w3.org/2001/XMLSchema" xmlns:oxy="http://www.oxygenxml.com/extensions/author" xmlns:nd="http://www.oxygenxml.com/css2fo/named-destinations" xmlns:opentopic="http://www.idiominc.com/opentopic" xmlns:css2fo="http://www.oxygenxml.com/css2fo" xmlns:dita-ot="dita-ot.sourceforge.net/ns/201007/dita-ot" cascade="merge" class="- map/map " ditaarch:DITAArchVersion="1.3" domains="(map mapgroup-d) (topic abbrev-d) (topic delay-d) a(props deliveryTarget) (map ditavalref-d) (map glossref-d) (topic hazard-d) (topic hi-d) (topic indexing-d) (topic markup-d) (topic pr-d) (topic relmgmt-d) (topic sw-d) (topic ui-d) (topic ut-d) (topic markup-d xml-d)" xtrc="map:1;3:6" xtrf="file:/F:/Lois/Dropbox/WorkingFiles/TechnicalWriting_Middlesex/05_Assignments/DITA_tuningApiano/mymap.ditamap"><oxy:front-page class="- front-page/front-page "><oxy:front-page-title class="- front-page/front-page-title "><title xmlns:dita-ot="http://dita-ot.sourceforge.net/ns/201007/dita-ot" xmlns:ot-placeholder="http://suite-sol.com/namespaces/ot-placeholder" class="- topic/title ">Tuning a Piano</title></oxy:front-page-title></oxy:front-page><opentopic:map xmlns:ot-placeholder="http://suite-sol.com/namespaces/ot-placeholder" class="- toc/toc "><oxy:toc-title class="- toc/title " empty="true"/>
    <title xmlns:dita-ot="http://dita-ot.sourceforge.net/ns/201007/dita-ot" class="- topic/title ">Tuning a Piano</title>
    <topicref xmlns:dita-ot="http://dita-ot.sourceforge.net/ns/201007/dita-ot" is-chapter="true" class="- map/topicref " href="#unique_1" type="concept"><topicmeta class="- map/topicmeta " data-topic-id="sample_concept"><resourceid appid="sample_concept" class="- topic/resourceid " oxy-source="topic"/><navtitle href="#unique_1" class="- topic/navtitle ">Tuning a Piano Introduction</navtitle><?ditaot gentext?><?ditaot genshortdesc?><shortdesc class="- map/shortdesc ">You can tune a piano with just a few pieces of equipment.</shortdesc></topicmeta></topicref>
    <topicref xmlns:dita-ot="http://dita-ot.sourceforge.net/ns/201007/dita-ot" is-chapter="true" class="- map/topicref " href="#unique_2" type="task"><topicmeta class="- map/topicmeta " data-topic-id="tuneOctaves"><resourceid appid="tuneOctaves" class="- topic/resourceid " oxy-source="topic"/><navtitle href="#unique_2" class="- topic/navtitle ">Tuning Each Octave</navtitle><?ditaot gentext?><?ditaot genshortdesc?><shortdesc class="- map/shortdesc ">Tune the piano an octave at a time, starting with Middle C, working toward the right,     then working down to the left.</shortdesc></topicmeta></topicref>
    <topicref xmlns:dita-ot="http://dita-ot.sourceforge.net/ns/201007/dita-ot" is-chapter="true" class="- map/topicref " href="#unique_3" type="reference"><topicmeta class="- map/topicmeta " data-topic-id="pianoTuningReference"><resourceid appid="pianoTuningReference" class="- topic/resourceid " oxy-source="topic"/><navtitle href="#unique_3" class="- topic/navtitle ">References for Piano Tuning</navtitle><?ditaot gentext?><?ditaot genshortdesc?><shortdesc class="- map/shortdesc ">You may find these references useful for chord progressions and tuning schemes.</shortdesc></topicmeta></topicref>
</opentopic:map><concept xmlns:dita-ot="http://dita-ot.sourceforge.net/ns/201007/dita-ot" break-before="true" is-chapter="true" oxy:topicref-class="- map/topicref " class="- topic/topic concept/concept " id="unique_1" nd:nd-id="sample_concept" oid="sample_concept" xml:lang="en-US">
  <title class="- topic/title ">Tuning a Piano Introduction</title>
  <shortdesc class="- topic/shortdesc ">You can tune a piano with just a few pieces of equipment.</shortdesc>
  <conbody class="- topic/body  concept/conbody ">
    <p class="- topic/p ">You'll need to listen to overtones and understand octaves and chords.</p>
    <p class="- topic/p "> We live in an imperfect world. If you tune to match perfect overtones,
         the octaves will be out of sync.
         There are various schemes for tuning.
         We'll show you how to tune to a perfect fifth, then lower it very slightly so
         that it matches all the way up and down the keyboard.
         Bach's "Well-Tempered Clavier" showcases how the keyboard
         can sound when tuned to sound good in every key.</p>
    <p class="- topic/p ">At its simplest, you can tune a piano using only:
       <ul class="- topic/ul ">
            <li class="- topic/li ">your ear</li>
            <li class="- topic/li ">a tuning hammer</li>
            <li class="- topic/li ">four dampening wedges</li>
            <li class="- topic/li ">a tuning fork for C unless you have perfect pitch</li>
       </ul></p>
  </conbody>
</concept><task xmlns:dita-ot="http://dita-ot.sourceforge.net/ns/201007/dita-ot" break-before="true" is-chapter="true" oxy:topicref-class="- map/topicref " class="- topic/topic task/task " id="unique_2" nd:nd-id="tuneOctaves" oid="tuneOctaves" xml:lang="en-us">
  <title class="- topic/title ">Tuning Each Octave</title>
  <shortdesc class="- topic/shortdesc ">Tune the piano an octave at a time, starting with Middle C, working toward the right,
    then working down to the left.</shortdesc>
  <taskbody class="- topic/body task/taskbody ">
    <context class="- topic/section task/context ">
      <p class="- topic/p ">Some notes on the piano are sounded by three strings, some by two strings, and some by only one string. 
          You'll need to dampen enough strings for the note you are working on so that you hear only the 
            middle string to start with.</p>
      <p class="- topic/p ">Also be careful not to damage anything. This document does not cover repairs.</p>
    </context>
    <steps class="- topic/ol task/steps ">
      <step class="- topic/li task/step ">
        <cmd class="- topic/ph task/cmd ">Remove anything that is in the way of getting to the tuning pegs and strings.</cmd>
      </step>
      <step class="- topic/li task/step ">
        <cmd class="- topic/ph task/cmd ">Check that you can insert the tuning hammer onto the pegs.</cmd>
      </step>
      <step class="- topic/li task/step ">
        <cmd class="- topic/ph task/cmd ">Check that you can insert the dampening wedges in the strings.</cmd>
      </step>
      <step class="- topic/li task/step ">
        <cmd class="- topic/ph task/cmd ">Dampen the outer strings for Middle C.</cmd>
      </step>
      <step class="- topic/li task/step ">
        <cmd class="- topic/ph task/cmd ">Insert the tuning hammer onto the middle string peg for Middle C.</cmd>
      </step>
      <step class="- topic/li task/step ">
        <cmd class="- topic/ph task/cmd ">Strike the tuning fork and rest it on a wooden part of the piano to make it resonate more.</cmd>
      </step>
      <step class="- topic/li task/step ">
        <cmd class="- topic/ph task/cmd ">Press the Middle C key repeatedly as necessary and turn the tuning hammer until the piano sound
          matches the tuning fork sound. Try to start with the piano pitch being slightly too low, then tighten
          it. Listen for overtones to converge.</cmd>
      </step>
      <step class="- topic/li task/step ">
        <cmd class="- topic/ph task/cmd ">Similarly tune one string for the octave above Middle C to match Middle C in overtones exactly.</cmd>
      </step>
      <step class="- topic/li task/step ">
        <cmd class="- topic/ph task/cmd ">Remove one dampening wedge for Middle C.</cmd>
      </step>
      <step class="- topic/li task/step ">
        <cmd class="- topic/ph task/cmd ">Place the tuning hammer on the corresponding string that was undampened.</cmd>
      </step>
      <step class="- topic/li task/step ">
        <cmd class="- topic/ph task/cmd ">Press the piano key repeatedly and match the pitch of the second string to the first one.</cmd>
      </step>
      <step class="- topic/li task/step "><cmd class="- topic/ph task/cmd ">Remove the other dampening wedge for Middle C.</cmd>
      </step>
      <step class="- topic/li task/step "><cmd class="- topic/ph task/cmd ">Place the tuning hammer on the corresponding string that was undampened.</cmd>
      </step>
      <step class="- topic/li task/step "><cmd class="- topic/ph task/cmd ">Press the piano key repeatedly and match the pitch of the third string to the first one.</cmd>
      </step>
      <step class="- topic/li task/step "><cmd class="- topic/ph task/cmd ">Repeat for the octave above Middle C.</cmd>
      </step>
      <step class="- topic/li task/step "><cmd class="- topic/ph task/cmd ">Similarly, tune G (a fifth above Middle C) while sounding both C and G to match the
        overtones. Then lower it very slightly and do this for any fifth that you tune.</cmd> </step>
      <step class="- topic/li task/step "><cmd class="- topic/ph task/cmd ">Then tune D above Middle C while sounding G. You will tune this as a fourth rather than
        a fifth. Raise the D pitch very slightly and do this for any fourth that you tune.</cmd> </step>
      <step class="- topic/li task/step "><cmd class="- topic/ph task/cmd ">Similarly, tune in sequence all within the same octave: A with D, E with A, B with E, F# with B, C# with F#, A♭
        with D♭, E♭ with A♭, B♭ with E♭, F with B♭.</cmd></step>
      <step class="- topic/li task/step "><cmd class="- topic/ph task/cmd ">Play a scale progression that uses major, minor, and other chord combinations for each note of the
        octave. Make sure everything sounds okay, making adjustments where needed.</cmd>
      </step>
      <step class="- topic/li task/step "><cmd class="- topic/ph task/cmd ">Tune the next octave up by matching in sequence to overtones exactly: Cs, C#s, Ds, and so on.</cmd></step>
      <step class="- topic/li task/step "><cmd class="- topic/ph task/cmd ">Tune all the octaves going to the right, matching overtones for octaves exactly, until you reach the end of the keyboard.</cmd>
      </step>
      <step class="- topic/li task/step "><cmd class="- topic/ph task/cmd ">Start back at Middle C and work downward in sequence: Cs, Bs, B♭s, and so on.</cmd></step>
      <step class="- topic/li task/step "><cmd class="- topic/ph task/cmd ">Tune all the octaves going to the left until you reach the end of the keyboard.</cmd>
      </step>
      <step class="- topic/li task/step "><cmd class="- topic/ph task/cmd ">Play a favorite piece, preferably one that uses many parts of the keyboard. Adjust anything
        that sounds funny. When you are done, enjoy the well-tuned piano!!</cmd>
      </step>
      <step class="- topic/li task/step "><cmd class="- topic/ph task/cmd ">Replace anything in the piano that you had taken apart.</cmd>
      </step>
    </steps>
  </taskbody>
  <related-links class="- topic/related-links ">
    <link class="- topic/link " format="dita" href="#unique_1" type="concept"><?ditaot gentext?><linktext class="- topic/linktext ">Tuning a Piano Introduction</linktext><?ditaot genshortdesc?><desc class="- topic/desc ">You can tune a piano with just a few pieces of equipment.</desc></link>
    <link class="- topic/link " format="dita" href="#unique_3" type="reference"><?ditaot gentext?><linktext class="- topic/linktext ">References for Piano Tuning</linktext><?ditaot genshortdesc?><desc class="- topic/desc ">You may find these references useful for chord progressions and tuning schemes.</desc></link>
  </related-links>
</task><reference xmlns:dita-ot="http://dita-ot.sourceforge.net/ns/201007/dita-ot" break-before="true" is-chapter="true" oxy:topicref-class="- map/topicref " class="- topic/topic       reference/reference " id="unique_3" nd:nd-id="pianoTuningReference" oid="pianoTuningReference" xml:lang="en-US">
  <title class="- topic/title ">References for Piano Tuning</title>
  <shortdesc class="- topic/shortdesc ">You may find these references useful for chord progressions and tuning schemes.</shortdesc>
  <refbody class="- topic/body        reference/refbody ">
    <section class="- topic/section " id="unique_3_Connect_42_chordProgressions" nd:nd-id="chordProgressions">
      <title class="- topic/title ">Chord Progressions to Check Tuning</title>
      <p class="- topic/p ">Major triad such as C-E-G</p>
      <p class="- topic/p ">Minor triad such as C-E♭-G</p>
      <p class="- topic/p ">C-E♭-A♭</p>
      <p class="- topic/p ">Move up the chromatic scale and repeat the chord progression. Listen to make sure everything is about 
        equally well-tuned.</p>
    </section>
    <section class="- topic/section " id="unique_3_Connect_42_tuningSchemes" nd:nd-id="tuningSchemes">
      <title class="- topic/title ">Tuning Schemes</title>
      <p class="- topic/p ">Tune all fifths just slightly less than a perfect interval, and tune all fourths
          just slightly more than a perfect interval.</p>
      <p class="- topic/p ">Other tuning schemes maximize the sound for a particular key. You can research this further.</p>
    </section>
  </refbody>
</reference></map>