<?xml version="1.0" encoding="UTF-8"?>
<css:root xmlns:chfox="http://www.oxygenxml.com/chemistry/extensions/fop"
    xmlns:css="http://www.w3.org/1998/CSS" xmlns:ditaarch="ditaarch" xmlns:nd="nd" xmlns:oxy="oxy">
    <css:pages>
        <css:page>
            <css:footnote>
                <css:property name="border-top-style" value="solid"/>
                <css:property name="border-top-color" value="black"/>
                <css:property name="border-top-width" value="thin"/>
                <css:property name="padding-top" value="8pt"/>
            </css:footnote>
        </css:page>
        <css:page>
            <css:property name="padding-top" value="0.2em"/>
            <css:property name="padding-bottom" value="0.2em"/>
            <css:property name="width" value="8.5in"/>
            <css:property name="height" value="11.0in"/>
            <css:property name="margin-top" value="1in"/>
            <css:property name="margin-right" value="1in"/>
            <css:property name="margin-left" value="1in"/>
            <css:property name="margin-bottom" value="1in"/>
        </css:page>
        <css:page>
            <css:property name="font-size" value="8pt"/>
        </css:page>
        <css:page pseudo="left ">
            <css:top-left>
                <css:property name="content">
                    <css:string name="maptitle" position="first"/>
                    <css:string name="parttitle" position="first"/>
                    <css:string name="chaptertitle" position="first"/>
                    <css:string name="sectiontitle" position="first"/>
                    <css:text> | </css:text>
                    <css:counter format="decimal" name="page"/>
                </css:property>
            </css:top-left>
        </css:page>
        <css:page pseudo="right ">
            <css:top-right>
                <css:property name="content">
                    <css:string name="maptitle" position="first"/>
                    <css:string name="parttitle" position="first"/>
                    <css:string name="chaptertitle" position="first"/>
                    <css:string name="sectiontitle" position="first"/>
                    <css:text> | </css:text>
                    <css:counter format="decimal" name="page"/>
                </css:property>
            </css:top-right>
        </css:page>
        <css:page pseudo="blank ">
            <css:top-left>
                <css:property name="content"/>
            </css:top-left>
            <css:top-right>
                <css:property name="content"/>
            </css:top-right>
        </css:page>
        <css:page name="front-page">
            <css:top-left-corner>
                <css:property name="content"/>
            </css:top-left-corner>
            <css:top-left>
                <css:property name="content"/>
            </css:top-left>
            <css:top-center>
                <css:property name="content"/>
            </css:top-center>
            <css:top-right>
                <css:property name="content"/>
            </css:top-right>
            <css:top-right-corner>
                <css:property name="content"/>
            </css:top-right-corner>
            <css:bottom-left-corner>
                <css:property name="content"/>
            </css:bottom-left-corner>
            <css:bottom-left>
                <css:property name="content"/>
            </css:bottom-left>
            <css:bottom-center>
                <css:property name="content"/>
            </css:bottom-center>
            <css:bottom-right>
                <css:property name="content"/>
            </css:bottom-right>
            <css:bottom-right-corner>
                <css:property name="content"/>
            </css:bottom-right-corner>
        </css:page>
        <css:page name="table-of-contents">
            <css:top-left>
                <css:property name="content"/>
            </css:top-left>
            <css:top-center>
                <css:property name="content"/>
            </css:top-center>
            <css:top-right>
                <css:property name="content"/>
            </css:top-right>
            <css:bottom-left>
                <css:property name="content"/>
            </css:bottom-left>
            <css:bottom-center>
                <css:property name="content"/>
            </css:bottom-center>
            <css:bottom-right>
                <css:property name="content"/>
            </css:bottom-right>
        </css:page>
        <css:page name="index">
            <css:top-left-corner>
                <css:property name="content"/>
            </css:top-left-corner>
            <css:top-left>
                <css:property name="content"/>
            </css:top-left>
            <css:top-center>
                <css:property name="content"/>
            </css:top-center>
            <css:top-right>
                <css:property name="content"/>
            </css:top-right>
            <css:top-right-corner>
                <css:property name="content"/>
            </css:top-right-corner>
            <css:bottom-left-corner>
                <css:property name="content"/>
            </css:bottom-left-corner>
            <css:bottom-left>
                <css:property name="content"/>
            </css:bottom-left>
            <css:bottom-center>
                <css:property name="content">
                    <css:counter format="lower-alpha" name="page"/>
                </css:property>
            </css:bottom-center>
            <css:bottom-right>
                <css:property name="content"/>
            </css:bottom-right>
            <css:bottom-right-corner>
                <css:property name="content"/>
            </css:bottom-right-corner>
        </css:page>
        <css:page name="index">
            <css:property name="column-count" value="2"/>
            <css:property name="column-fill" value="auto"/>
        </css:page>
        <css:page name="chapter"/>
        <css:page name="matter-page">
            <css:top-left-corner>
                <css:property name="content"/>
            </css:top-left-corner>
            <css:top-left>
                <css:property name="content"/>
            </css:top-left>
            <css:top-center>
                <css:property name="content"/>
            </css:top-center>
            <css:top-right>
                <css:property name="content"/>
            </css:top-right>
            <css:top-right-corner>
                <css:property name="content"/>
            </css:top-right-corner>
            <css:bottom-left-corner>
                <css:property name="content"/>
            </css:bottom-left-corner>
            <css:bottom-left>
                <css:property name="content"/>
            </css:bottom-left>
            <css:bottom-center>
                <css:property name="content"/>
            </css:bottom-center>
            <css:bottom-right>
                <css:property name="content"/>
            </css:bottom-right>
            <css:bottom-right-corner>
                <css:property name="content"/>
            </css:bottom-right-corner>
        </css:page>
        <css:page name="portrait-page">
            <css:property name="orientation" value="portrait"/>
        </css:page>
        <css:page name="table-of-contents" pseudo="left ">
            <css:top-left>
                <css:property name="content">
                    <css:string name="toc-header" position="first"/>
                    <css:text> | </css:text>
                    <css:counter format="lower-roman" name="page"/>
                </css:property>
            </css:top-left>
        </css:page>
        <css:page name="table-of-contents" pseudo="right ">
            <css:top-right>
                <css:property name="content">
                    <css:string name="toc-header" position="first"/>
                    <css:text> | </css:text>
                    <css:counter format="lower-roman" name="page"/>
                </css:property>
            </css:top-right>
        </css:page>
        <css:page name="landscape-page" pseudo="right ">
            <css:property name="orientation" value="landscape"/>
            <css:top-left>
                <css:property name="content"/>
            </css:top-left>
            <css:top-center>
                <css:property name="content"/>
            </css:top-center>
            <css:top-right>
                <css:property name="content"/>
            </css:top-right>
            <css:right-bottom>
                <css:property name="content">
                    <css:reference-orientation-container-pmb reference-orientation="270">
                        <css:string name="maptitle" position="first"/>
                        <css:string name="parttitle" position="first"/>
                        <css:string name="chaptertitle" position="first"/>
                        <css:string name="sectiontitle" position="first"/>
                        <css:text> | </css:text>
                        <css:counter format="decimal" name="page"/>
                    </css:reference-orientation-container-pmb>
                </css:property>
                <css:property name="vertical-align" value="middle"/>
                <css:property name="text-align" value="right"/>
            </css:right-bottom>
        </css:page>
        <css:page name="landscape-page" pseudo="left ">
            <css:property name="orientation" value="landscape"/>
            <css:top-left>
                <css:property name="content"/>
            </css:top-left>
            <css:top-center>
                <css:property name="content"/>
            </css:top-center>
            <css:top-right>
                <css:property name="content"/>
            </css:top-right>
            <css:right-top>
                <css:property name="content">
                    <css:reference-orientation-container-pmb reference-orientation="270">
                        <css:string name="maptitle" position="first"/>
                        <css:string name="parttitle" position="first"/>
                        <css:string name="chaptertitle" position="first"/>
                        <css:string name="sectiontitle" position="first"/>
                        <css:text> | </css:text>
                        <css:counter format="decimal" name="page"/>
                    </css:reference-orientation-container-pmb>
                </css:property>
                <css:property name="vertical-align" value="middle"/>
                <css:property name="text-align" value="left"/>
            </css:right-top>
        </css:page>
        <css:page name="table-of-contents" pseudo="first left ">
            <css:top-left>
                <css:property name="content"/>
            </css:top-left>
        </css:page>
        <css:page name="table-of-contents" pseudo="first right ">
            <css:top-right>
                <css:property name="content"/>
            </css:top-right>
        </css:page>
        <css:page name="chapter" pseudo="first left ">
            <css:top-left>
                <css:property name="content"/>
            </css:top-left>
        </css:page>
        <css:page name="chapter" pseudo="first right ">
            <css:top-right>
                <css:property name="content"/>
            </css:top-right>
        </css:page>
    </css:pages>
    <css:page-sequence initial-page-number="1" page="front-page">
        <html css:counter-reset=" page 1" css:display="block"
            css:font-family="serif, Times, Times New Roman, Symbol, MingLiU, MS Mincho, Arial Unicode MS"
            css:font-size="12px"
            xtrf="file:/F:/Lois/Dropbox/WorkingFiles/TechnicalWriting_Middlesex/05_Assignments/DITA_tuningApiano/mymap.ditamap">
            <head css:border-bottom-color="white" css:border-bottom-style="solid"
                css:border-bottom-width="1pt" css:border-left-color="white"
                css:border-left-style="solid" css:border-left-width="1pt"
                css:border-right-color="white" css:border-right-style="solid"
                css:border-right-width="1pt" css:border-top-color="white"
                css:border-top-style="solid" css:border-top-width="1pt" css:display="none"
                css:padding-bottom="1em" css:padding-left="1em" css:padding-right="1em"
                css:padding-top="1em">
                <meta charset="UTF-8" css:background-color="rgb(238 , 238 , 255)"
                    css:border-bottom-color="rgb(204 , 204 , 238)" css:border-bottom-style="solid"
                    css:border-bottom-width="1px" css:border-left-color="rgb(204 , 204 , 238)"
                    css:border-left-style="solid" css:border-left-width="1px"
                    css:border-right-color="rgb(204 , 204 , 238)" css:border-right-style="solid"
                    css:border-right-width="1px" css:border-top-color="rgb(204 , 204 , 238)"
                    css:border-top-style="solid" css:border-top-width="1px" css:display="none"
                    css:font-family="monospace" css:font-size="smaller" css:margin-bottom="1px"
                    css:margin-left="0" css:margin-right="0" css:margin-top="1px"/>
                <meta content="(C) Copyright 2019" css:background-color="rgb(238 , 238 , 255)"
                    css:border-bottom-color="rgb(204 , 204 , 238)" css:border-bottom-style="solid"
                    css:border-bottom-width="1px" css:border-left-color="rgb(204 , 204 , 238)"
                    css:border-left-style="solid" css:border-left-width="1px"
                    css:border-right-color="rgb(204 , 204 , 238)" css:border-right-style="solid"
                    css:border-right-width="1px" css:border-top-color="rgb(204 , 204 , 238)"
                    css:border-top-style="solid" css:border-top-width="1px" css:display="none"
                    css:font-family="monospace" css:font-size="smaller" css:margin-bottom="1px"
                    css:margin-left="0" css:margin-right="0" css:margin-top="1px" name="copyright"/>
                <meta content="(C) Copyright 2019" css:background-color="rgb(238 , 238 , 255)"
                    css:border-bottom-color="rgb(204 , 204 , 238)" css:border-bottom-style="solid"
                    css:border-bottom-width="1px" css:border-left-color="rgb(204 , 204 , 238)"
                    css:border-left-style="solid" css:border-left-width="1px"
                    css:border-right-color="rgb(204 , 204 , 238)" css:border-right-style="solid"
                    css:border-right-width="1px" css:border-top-color="rgb(204 , 204 , 238)"
                    css:border-top-style="solid" css:border-top-width="1px" css:display="none"
                    css:font-family="monospace" css:font-size="smaller" css:margin-bottom="1px"
                    css:margin-left="0" css:margin-right="0" css:margin-top="1px"
                    name="DC.rights.owner"/>
                <meta content="map" css:background-color="rgb(238 , 238 , 255)"
                    css:border-bottom-color="rgb(204 , 204 , 238)" css:border-bottom-style="solid"
                    css:border-bottom-width="1px" css:border-left-color="rgb(204 , 204 , 238)"
                    css:border-left-style="solid" css:border-left-width="1px"
                    css:border-right-color="rgb(204 , 204 , 238)" css:border-right-style="solid"
                    css:border-right-width="1px" css:border-top-color="rgb(204 , 204 , 238)"
                    css:border-top-style="solid" css:border-top-width="1px" css:display="none"
                    css:font-family="monospace" css:font-size="smaller" css:margin-bottom="1px"
                    css:margin-left="0" css:margin-right="0" css:margin-top="1px" name="DC.type"/>
                <meta content="HTML5" css:background-color="rgb(238 , 238 , 255)"
                    css:border-bottom-color="rgb(204 , 204 , 238)" css:border-bottom-style="solid"
                    css:border-bottom-width="1px" css:border-left-color="rgb(204 , 204 , 238)"
                    css:border-left-style="solid" css:border-left-width="1px"
                    css:border-right-color="rgb(204 , 204 , 238)" css:border-right-style="solid"
                    css:border-right-width="1px" css:border-top-color="rgb(204 , 204 , 238)"
                    css:border-top-style="solid" css:border-top-width="1px" css:display="none"
                    css:font-family="monospace" css:font-size="smaller" css:margin-bottom="1px"
                    css:margin-left="0" css:margin-right="0" css:margin-top="1px" name="DC.format"/>
                <link css:background-color="rgb(238 , 238 , 255)"
                    css:border-bottom-color="rgb(204 , 204 , 238)" css:border-bottom-style="solid"
                    css:border-bottom-width="1px" css:border-left-color="rgb(204 , 204 , 238)"
                    css:border-left-style="solid" css:border-left-width="1px"
                    css:border-right-color="rgb(204 , 204 , 238)" css:border-right-style="solid"
                    css:border-right-width="1px" css:border-top-color="rgb(204 , 204 , 238)"
                    css:border-top-style="solid" css:border-top-width="1px" css:display="none"
                    css:font-family="monospace" css:font-size="smaller"
                    css:link="file:/C:/Program Files/Oxygen XML Editor 21/frameworks/dita/DITA-OT3.x/plugins/com.oxygenxml.webhelp.responsive/oxygen-webhelp/app/topic-page-print.css"
                    css:margin-bottom="1px" css:margin-left="0" css:margin-right="0"
                    css:margin-top="1px"
                    href="file:/C:/Program Files/Oxygen XML Editor 21/frameworks/dita/DITA-OT3.x/plugins/com.oxygenxml.webhelp.responsive/oxygen-webhelp/app/topic-page-print.css"
                    rel="stylesheet" type="text/css"/>
                <link css:background-color="rgb(238 , 238 , 255)"
                    css:border-bottom-color="rgb(204 , 204 , 238)" css:border-bottom-style="solid"
                    css:border-bottom-width="1px" css:border-left-color="rgb(204 , 204 , 238)"
                    css:border-left-style="solid" css:border-left-width="1px"
                    css:border-right-color="rgb(204 , 204 , 238)" css:border-right-style="solid"
                    css:border-right-width="1px" css:border-top-color="rgb(204 , 204 , 238)"
                    css:border-top-style="solid" css:border-top-width="1px" css:display="none"
                    css:font-family="monospace" css:font-size="smaller"
                    css:link="file:/C:/Program Files/Oxygen XML Editor 21/frameworks/dita/css/print/p-dita.css"
                    css:margin-bottom="1px" css:margin-left="0" css:margin-right="0"
                    css:margin-top="1px"
                    href="file:/C:/Program Files/Oxygen XML Editor 21/frameworks/dita/css/print/p-dita.css"
                    rel="stylesheet" type="text/css"/>
                <link css:background-color="rgb(238 , 238 , 255)"
                    css:border-bottom-color="rgb(204 , 204 , 238)" css:border-bottom-style="solid"
                    css:border-bottom-width="1px" css:border-left-color="rgb(204 , 204 , 238)"
                    css:border-left-style="solid" css:border-left-width="1px"
                    css:border-right-color="rgb(204 , 204 , 238)" css:border-right-style="solid"
                    css:border-right-width="1px" css:border-top-color="rgb(204 , 204 , 238)"
                    css:border-top-style="solid" css:border-top-width="1px" css:display="none"
                    css:font-family="monospace" css:font-size="smaller"
                    css:link="file:/C:/Program Files/Oxygen XML Editor 21/frameworks/dita/DITA-OT3.x/plugins/com.oxygenxml.editlink/pdf-css.css"
                    css:margin-bottom="1px" css:margin-left="0" css:margin-right="0"
                    css:margin-top="1px"
                    href="file:/C:/Program Files/Oxygen XML Editor 21/frameworks/dita/DITA-OT3.x/plugins/com.oxygenxml.editlink/pdf-css.css"
                    rel="stylesheet" type="text/css"/>
                <title css:border-bottom-color="rgb(0 , 68 , 119)" css:border-bottom-style="solid"
                    css:border-bottom-width="2px" css:color="rgb(0 , 34 , 68)" css:display="none"
                    css:font-size="2.2em" css:font-weight="bold" css:margin-bottom="0.5em"
                    css:margin-left="0" css:margin-right="0" css:margin-top="0.5em">
                    <css:oxy-pdf-meta-title>
                        <css:content source="text"/>
                    </css:oxy-pdf-meta-title>
                </title>
            </head>
            <body class="wh_topic_page" css:display="block" css:font-size="11.5pt"
                css:margin-left="auto" css:margin-right="auto">
                <div class="wh_content_area" css:display="block">
                    <div class="wh_topic_body" css:display="block">
                        <div class="wh_topic_content" css:display="block">
                            <div xmlns:ditaarch="http://dita.oasis-open.org/architecture/2005/"
                                cascade="merge" class="- map/map map"
                                css:counter-reset=" toc-chapter 0 chapter 0 figcount 0 tablecount 0"
                                css:display="block" ditaarch:ditaarchversion="1.3"
                                domains="(map mapgroup-d) (topic abbrev-d) (topic delay-d) a(props deliveryTarget) (map ditavalref-d) (map glossref-d) (topic hazard-d) (topic hi-d) (topic indexing-d) (topic markup-d) (topic pr-d) (topic relmgmt-d) (topic sw-d) (topic ui-d) (topic ut-d) (topic markup-d xml-d)">
                                <css:string-set name="toc-header">
                                    <css:text>Contents</css:text>
                                </css:string-set>
                                <div class="- front-page/front-page front-page" css:display="block">
                                    <div class="- front-page/front-page-title front-page-title"
                                        css:display="block"
                                        css:font-family="Arial, helvetica, sans-serif"
                                        css:font-size="2em" css:font-weight="bold"
                                        css:margin-top="3in" css:text-align="center">
                                        <div class="- topic/title title" css:bookmark-level="1"
                                            css:display="block" css:page-break-after="avoid"
                                                ><css:string-set name="maptitle"><css:content
                                                  source="text"
                                                  /></css:string-set><css:bookmark-label><css:content
                                                  source="before"/><css:content source="text"
                                                /></css:bookmark-label><css:oxy-pdf-meta-title><css:content
                                                  source="text"/></css:oxy-pdf-meta-title>Tuning a
                                            Piano</div>
                                    </div>
                                </div>
                            </div>
                        </div>
                    </div>
                </div>
            </body>
        </html>
    </css:page-sequence>
    <css:page-sequence page="table-of-contents">
        <html css:counter-reset=" page 1" css:display="block"
            css:font-family="serif, Times, Times New Roman, Symbol, MingLiU, MS Mincho, Arial Unicode MS"
            css:font-size="12px"
            xtrf="file:/F:/Lois/Dropbox/WorkingFiles/TechnicalWriting_Middlesex/05_Assignments/DITA_tuningApiano/mymap.ditamap">
            <body class="wh_topic_page" css:display="block" css:font-size="11.5pt"
                css:margin-left="auto" css:margin-right="auto">
                <div class="wh_content_area" css:display="block">
                    <div class="wh_topic_body" css:display="block">
                        <div class="wh_topic_content" css:display="block">
                            <div xmlns:ditaarch="http://dita.oasis-open.org/architecture/2005/"
                                cascade="merge" class="- map/map map"
                                css:counter-reset=" toc-chapter 0 chapter 0 figcount 0 tablecount 0"
                                css:display="block" ditaarch:ditaarchversion="1.3"
                                domains="(map mapgroup-d) (topic abbrev-d) (topic delay-d) a(props deliveryTarget) (map ditavalref-d) (map glossref-d) (topic hazard-d) (topic hi-d) (topic indexing-d) (topic markup-d) (topic pr-d) (topic relmgmt-d) (topic sw-d) (topic ui-d) (topic ut-d) (topic markup-d xml-d)">
                                <div class="- toc/toc toc" css:display="block">
                                    <div class="- toc/title title" css:bookmark-level="1"
                                        css:display="block" css:font-size="2em"
                                        css:margin-bottom="1em" empty="true">
                                        <css:before css:display="inline">
                                            <css:text>Contents</css:text>
                                        </css:before>
                                        <css:bookmark-label>
                                            <css:content source="before"/>
                                        </css:bookmark-label>
                                    </div>
                                    <div class="- topic/title title" css:display="none"
                                        css:page-break-after="avoid">Tuning a Piano</div>
                                    <div class="- map/topicref topicref" css:display="block"
                                        css:font-weight="bold" css:margin-bottom="0.5em"
                                        css:margin-left="0" css:margin-top="0.5em" href="#unique_1"
                                        is-chapter="true" type="concept">
                                        <div class="- map/topicmeta topicmeta"
                                            css:border-bottom-color="transparent"
                                            css:border-bottom-style="none"
                                            css:border-left-color="transparent"
                                            css:border-left-style="none"
                                            css:border-right-color="transparent"
                                            css:border-right-style="none"
                                            css:border-top-color="transparent"
                                            css:border-top-style="none" css:display="block"
                                            css:margin-bottom="0" css:margin-left="0"
                                            css:margin-right="0" css:margin-top="0"
                                            css:padding-bottom="0" css:padding-left="0"
                                            css:padding-right="0" css:padding-top="0"
                                            data-topic-id="sample_concept">
                                            <css:before css:display="inline"/>
                                            <div appid="sample_concept"
                                                class="- topic/resourceid resourceid"
                                                css:display="none" oxy-source="topic"/>
                                            <div class="- topic/navtitle navtitle"
                                                css:display="block" css:link="#unique_1"
                                                css:text-align-last="justify" href="#unique_1"
                                                  ><css:before css:display="inline"
                                                  css:link="#unique_1"><css:text>Chapter
                                                  </css:text><css:counter name="toc-chapter"
                                                  value="1"/><css:text>.
                                                </css:text></css:before>Tuning a Piano
                                                  Introduction<css:after css:display="inline"
                                                  css:link="#unique_1"><css:leader pattern="."
                                                  /><css:target-counter url-fragment="unique_1"
                                                  /></css:after></div>
                                            <div class="- map/shortdesc shortdesc"
                                                css:display="none">You can tune a piano with just a
                                                few pieces of equipment.</div>
                                        </div>
                                    </div>
                                    <div class="- map/topicref topicref" css:display="block"
                                        css:font-weight="bold" css:margin-bottom="0.5em"
                                        css:margin-left="0" css:margin-top="0.5em" href="#unique_2"
                                        is-chapter="true" type="task">
                                        <div class="- map/topicmeta topicmeta"
                                            css:border-bottom-color="transparent"
                                            css:border-bottom-style="none"
                                            css:border-left-color="transparent"
                                            css:border-left-style="none"
                                            css:border-right-color="transparent"
                                            css:border-right-style="none"
                                            css:border-top-color="transparent"
                                            css:border-top-style="none" css:display="block"
                                            css:margin-bottom="0" css:margin-left="0"
                                            css:margin-right="0" css:margin-top="0"
                                            css:padding-bottom="0" css:padding-left="0"
                                            css:padding-right="0" css:padding-top="0"
                                            data-topic-id="tuneOctaves">
                                            <css:before css:display="inline"/>
                                            <div appid="tuneOctaves"
                                                class="- topic/resourceid resourceid"
                                                css:display="none" oxy-source="topic"/>
                                            <div class="- topic/navtitle navtitle"
                                                css:display="block" css:link="#unique_2"
                                                css:text-align-last="justify" href="#unique_2"
                                                  ><css:before css:display="inline"
                                                  css:link="#unique_2"><css:text>Chapter
                                                  </css:text><css:counter name="toc-chapter"
                                                  value="2"/><css:text>.
                                                </css:text></css:before>Tuning Each Octave<css:after
                                                  css:display="inline" css:link="#unique_2"
                                                  ><css:leader pattern="."/><css:target-counter
                                                  url-fragment="unique_2"/></css:after></div>
                                            <div class="- map/shortdesc shortdesc"
                                                css:display="none">Tune the piano an octave at a
                                                time, starting with Middle C, working toward the
                                                right, then working down to the left.</div>
                                        </div>
                                    </div>
                                    <div class="- map/topicref topicref" css:display="block"
                                        css:font-weight="bold" css:margin-bottom="0.5em"
                                        css:margin-left="0" css:margin-top="0.5em" href="#unique_3"
                                        is-chapter="true" type="reference">
                                        <div class="- map/topicmeta topicmeta"
                                            css:border-bottom-color="transparent"
                                            css:border-bottom-style="none"
                                            css:border-left-color="transparent"
                                            css:border-left-style="none"
                                            css:border-right-color="transparent"
                                            css:border-right-style="none"
                                            css:border-top-color="transparent"
                                            css:border-top-style="none" css:display="block"
                                            css:margin-bottom="0" css:margin-left="0"
                                            css:margin-right="0" css:margin-top="0"
                                            css:padding-bottom="0" css:padding-left="0"
                                            css:padding-right="0" css:padding-top="0"
                                            data-topic-id="pianoTuningReference">
                                            <css:before css:display="inline"/>
                                            <div appid="pianoTuningReference"
                                                class="- topic/resourceid resourceid"
                                                css:display="none" oxy-source="topic"/>
                                            <div class="- topic/navtitle navtitle"
                                                css:display="block" css:link="#unique_3"
                                                css:text-align-last="justify" href="#unique_3"
                                                  ><css:before css:display="inline"
                                                  css:link="#unique_3"><css:text>Chapter
                                                  </css:text><css:counter name="toc-chapter"
                                                  value="3"/><css:text>.
                                                </css:text></css:before>References for Piano
                                                  Tuning<css:after css:display="inline"
                                                  css:link="#unique_3"><css:leader pattern="."
                                                  /><css:target-counter url-fragment="unique_3"
                                                  /></css:after></div>
                                            <div class="- map/shortdesc shortdesc"
                                                css:display="none">You may find these references
                                                useful for chord progressions and tuning
                                                schemes.</div>
                                        </div>
                                    </div>
                                </div>
                            </div>
                        </div>
                    </div>
                </div>
            </body>
        </html>
    </css:page-sequence>
    <css:page-sequence xmlns:nd="http://www.oxygenxml.com/css2fo/named-destinations"
        xmlns:oxy="http://www.oxygenxml.com/extensions/author" initial-page-number="1"
        page="chapter">
        <html css:counter-reset=" page 1" css:display="block"
            css:font-family="serif, Times, Times New Roman, Symbol, MingLiU, MS Mincho, Arial Unicode MS"
            css:font-size="12px"
            xtrf="file:/F:/Lois/Dropbox/WorkingFiles/TechnicalWriting_Middlesex/05_Assignments/DITA_tuningApiano/mymap.ditamap">
            <body class="wh_topic_page" css:display="block" css:font-size="11.5pt"
                css:margin-left="auto" css:margin-right="auto">
                <div class="wh_content_area" css:display="block">
                    <div class="wh_topic_body" css:display="block">
                        <div class="wh_topic_content" css:display="block">
                            <div xmlns:ditaarch="http://dita.oasis-open.org/architecture/2005/"
                                cascade="merge" class="- map/map map"
                                css:counter-reset=" toc-chapter 0 chapter 0 figcount 0 tablecount 0"
                                css:display="block" ditaarch:ditaarchversion="1.3"
                                domains="(map mapgroup-d) (topic abbrev-d) (topic delay-d) a(props deliveryTarget) (map ditavalref-d) (map glossref-d) (topic hazard-d) (topic hi-d) (topic indexing-d) (topic markup-d) (topic pr-d) (topic relmgmt-d) (topic sw-d) (topic ui-d) (topic ut-d) (topic markup-d xml-d)">
                                <article aria-labelledby="ariaid-title1" break-before="true"
                                    class="- topic/topic concept/concept topic concept nested0"
                                    css:counter-reset="page 1" css:display="block"
                                    css:margin-top="1em" css:oxy-pdf-tag-type="Sect" id="unique_1"
                                    is-chapter="true" lang="en-US" nd:nd-id="sample_concept"
                                    oid="sample_concept" oxy:topicref-class="- map/topicref "
                                    xml:lang="en-US">
                                    <h1 class="- topic/title title topictitle1"
                                        css:bookmark-level="1" css:display="block"
                                        css:font-size="2em" css:margin-bottom="1em"
                                        css:margin-left="0" css:margin-right="0" css:margin-top="0"
                                        css:oxy-pdf-tag-type="H1" css:page-break-after="avoid"
                                        id="ariaid-title1"><css:string-set name="chaptertitle"
                                                ><css:text> | </css:text><css:counter name="chapter"
                                                value="1"/><css:text> - </css:text><css:content
                                                source="text"
                                                /></css:string-set><css:bookmark-label><css:content
                                                source="before"/><css:content source="text"
                                            /></css:bookmark-label><css:before css:display="inline"
                                                ><css:text>Chapter </css:text><css:counter
                                                name="chapter" value="1"/><css:text>.
                                            </css:text></css:before>Tuning a Piano Introduction</h1>
                                    <div class="- topic/body concept/conbody body conbody"
                                        css:display="block" css:margin-bottom="0"
                                        css:margin-left="0" css:margin-right="0" css:margin-top="0">
                                        <p class="- topic/shortdesc shortdesc" css:display="block"
                                            css:margin-bottom="0.5em" css:margin-left="0"
                                            css:margin-right="0" css:margin-top="0.5em">You can tune
                                            a piano with just a few pieces of equipment.</p>
                                        <p class="- topic/p p" css:display="block"
                                            css:margin-bottom="0.5em" css:margin-left="0"
                                            css:margin-right="0" css:margin-top="1em">You'll need to
                                            listen to overtones and understand octaves and
                                            chords.</p>
                                        <p class="- topic/p p" css:display="block"
                                            css:margin-bottom="0.5em" css:margin-left="0"
                                            css:margin-right="0" css:margin-top="1em"> We live in an
                                            imperfect world. If you tune to match perfect overtones,
                                            the octaves will be out of sync. There are various
                                            schemes for tuning. We'll show you how to tune to a
                                            perfect fifth, then lower it very slightly so that it
                                            matches all the way up and down the keyboard. Bach's
                                            "Well-Tempered Clavier" showcases how the keyboard can
                                            sound when tuned to sound good in every key.</p>
                                        <div class="- topic/p p" css:display="block"
                                            css:margin-top="1em">At its simplest, you can tune a
                                            piano using only: <ul class="- topic/ul ul"
                                                css:display="block" css:list-style-type="disc"
                                                css:margin-bottom="1.33em" css:margin-top="1.33em">
                                                <li class="- topic/li li" css:display="list-item"
                                                  css:margin-left="2em">your ear</li>
                                                <li class="- topic/li li" css:display="list-item"
                                                  css:margin-left="2em">a tuning hammer</li>
                                                <li class="- topic/li li" css:display="list-item"
                                                  css:margin-left="2em">four dampening wedges</li>
                                                <li class="- topic/li li" css:display="list-item"
                                                  css:margin-left="2em">a tuning fork for C unless
                                                  you have perfect pitch</li>
                                            </ul></div>
                                    </div>
                                </article>
                            </div>
                        </div>
                    </div>
                </div>
            </body>
        </html>
    </css:page-sequence>
    <css:page-sequence xmlns:nd="http://www.oxygenxml.com/css2fo/named-destinations"
        xmlns:oxy="http://www.oxygenxml.com/extensions/author" page="chapter">
        <html css:counter-reset=" page 1" css:display="block"
            css:font-family="serif, Times, Times New Roman, Symbol, MingLiU, MS Mincho, Arial Unicode MS"
            css:font-size="12px"
            xtrf="file:/F:/Lois/Dropbox/WorkingFiles/TechnicalWriting_Middlesex/05_Assignments/DITA_tuningApiano/mymap.ditamap">
            <body class="wh_topic_page" css:display="block" css:font-size="11.5pt"
                css:margin-left="auto" css:margin-right="auto">
                <div class="wh_content_area" css:display="block">
                    <div class="wh_topic_body" css:display="block">
                        <div class="wh_topic_content" css:display="block">
                            <div xmlns:ditaarch="http://dita.oasis-open.org/architecture/2005/"
                                cascade="merge" class="- map/map map"
                                css:counter-reset=" toc-chapter 0 chapter 0 figcount 0 tablecount 0"
                                css:display="block" ditaarch:ditaarchversion="1.3"
                                domains="(map mapgroup-d) (topic abbrev-d) (topic delay-d) a(props deliveryTarget) (map ditavalref-d) (map glossref-d) (topic hazard-d) (topic hi-d) (topic indexing-d) (topic markup-d) (topic pr-d) (topic relmgmt-d) (topic sw-d) (topic ui-d) (topic ut-d) (topic markup-d xml-d)">
                                <article aria-labelledby="ariaid-title2" break-before="true"
                                    class="- topic/topic task/task topic task nested0"
                                    css:display="block" css:margin-top="1em"
                                    css:oxy-pdf-tag-type="Sect" id="unique_2" is-chapter="true"
                                    lang="en-us" nd:nd-id="tuneOctaves" oid="tuneOctaves"
                                    oxy:topicref-class="- map/topicref " xml:lang="en-us">
                                    <h1 class="- topic/title title topictitle1"
                                        css:bookmark-level="1" css:display="block"
                                        css:font-size="2em" css:margin-bottom="1em"
                                        css:margin-left="0" css:margin-right="0" css:margin-top="0"
                                        css:oxy-pdf-tag-type="H1" css:page-break-after="avoid"
                                        id="ariaid-title2"><css:string-set name="chaptertitle"
                                                ><css:text> | </css:text><css:counter name="chapter"
                                                value="2"/><css:text> - </css:text><css:content
                                                source="text"
                                                /></css:string-set><css:bookmark-label><css:content
                                                source="before"/><css:content source="text"
                                            /></css:bookmark-label><css:before css:display="inline"
                                                ><css:text>Chapter </css:text><css:counter
                                                name="chapter" value="2"/><css:text>.
                                            </css:text></css:before>Tuning Each Octave</h1>
                                    <div class="- topic/body task/taskbody body taskbody"
                                        css:display="block" css:margin-bottom="0"
                                        css:margin-left="0" css:margin-right="0" css:margin-top="0">
                                        <p class="- topic/shortdesc shortdesc" css:display="block"
                                            css:margin-bottom="0.5em" css:margin-left="0"
                                            css:margin-right="0" css:margin-top="0.5em">Tune the
                                            piano an octave at a time, starting with Middle C,
                                            working toward the right, then working down to the
                                            left.</p>
                                        <section
                                            class="- topic/section task/context section context"
                                            css:display="block" css:margin-bottom="1em"
                                            css:margin-top="1em" css:oxy-pdf-tag-type="Sect">
                                            <p class="- topic/p p" css:display="block"
                                                css:margin-bottom="0.5em" css:margin-left="0"
                                                css:margin-right="0" css:margin-top="1em">Some notes
                                                on the piano are sounded by three strings, some by
                                                two strings, and some by only one string. You'll
                                                need to dampen enough strings for the note you are
                                                working on so that you hear only the middle string
                                                to start with.</p>
                                            <p class="- topic/p p" css:display="block"
                                                css:margin-bottom="0.5em" css:margin-left="0"
                                                css:margin-right="0" css:margin-top="1em">Also be
                                                careful not to damage anything. This document does
                                                not cover repairs.</p>
                                        </section>
                                        <ol class="- topic/ol task/steps ol steps"
                                            css:display="block" css:list-style-type="decimal"
                                            css:margin-bottom="1.33em" css:margin-top="1.33em">
                                            <li class="- topic/li task/step li step"
                                                css:display="list-item" css:margin-left="2em">
                                                <span class="- topic/ph task/cmd ph cmd"
                                                  css:display="inline">Remove anything that is in
                                                  the way of getting to the tuning pegs and
                                                  strings.</span>
                                            </li>
                                            <li class="- topic/li task/step li step"
                                                css:display="list-item" css:margin-left="2em">
                                                <span class="- topic/ph task/cmd ph cmd"
                                                  css:display="inline">Check that you can insert the
                                                  tuning hammer onto the pegs.</span>
                                            </li>
                                            <li class="- topic/li task/step li step"
                                                css:display="list-item" css:margin-left="2em">
                                                <span class="- topic/ph task/cmd ph cmd"
                                                  css:display="inline">Check that you can insert the
                                                  dampening wedges in the strings.</span>
                                            </li>
                                            <li class="- topic/li task/step li step"
                                                css:display="list-item" css:margin-left="2em">
                                                <span class="- topic/ph task/cmd ph cmd"
                                                  css:display="inline">Dampen the outer strings for
                                                  Middle C.</span>
                                            </li>
                                            <li class="- topic/li task/step li step"
                                                css:display="list-item" css:margin-left="2em">
                                                <span class="- topic/ph task/cmd ph cmd"
                                                  css:display="inline">Insert the tuning hammer onto
                                                  the middle string peg for Middle C.</span>
                                            </li>
                                            <li class="- topic/li task/step li step"
                                                css:display="list-item" css:margin-left="2em">
                                                <span class="- topic/ph task/cmd ph cmd"
                                                  css:display="inline">Strike the tuning fork and
                                                  rest it on a wooden part of the piano to make it
                                                  resonate more.</span>
                                            </li>
                                            <li class="- topic/li task/step li step"
                                                css:display="list-item" css:margin-left="2em">
                                                <span class="- topic/ph task/cmd ph cmd"
                                                  css:display="inline">Press the Middle C key
                                                  repeatedly as necessary and turn the tuning hammer
                                                  until the piano sound matches the tuning fork
                                                  sound. Try to start with the piano pitch being
                                                  slightly too low, then tighten it. Listen for
                                                  overtones to converge.</span>
                                            </li>
                                            <li class="- topic/li task/step li step"
                                                css:display="list-item" css:margin-left="2em">
                                                <span class="- topic/ph task/cmd ph cmd"
                                                  css:display="inline">Similarly tune one string for
                                                  the octave above Middle C to match Middle C in
                                                  overtones exactly.</span>
                                            </li>
                                            <li class="- topic/li task/step li step"
                                                css:display="list-item" css:margin-left="2em">
                                                <span class="- topic/ph task/cmd ph cmd"
                                                  css:display="inline">Remove one dampening wedge
                                                  for Middle C.</span>
                                            </li>
                                            <li class="- topic/li task/step li step"
                                                css:display="list-item" css:margin-left="2em">
                                                <span class="- topic/ph task/cmd ph cmd"
                                                  css:display="inline">Place the tuning hammer on
                                                  the corresponding string that was
                                                  undampened.</span>
                                            </li>
                                            <li class="- topic/li task/step li step"
                                                css:display="list-item" css:margin-left="2em">
                                                <span class="- topic/ph task/cmd ph cmd"
                                                  css:display="inline">Press the piano key
                                                  repeatedly and match the pitch of the second
                                                  string to the first one.</span>
                                            </li>
                                            <li class="- topic/li task/step li step"
                                                css:display="list-item" css:margin-left="2em">
                                                <span class="- topic/ph task/cmd ph cmd"
                                                  css:display="inline">Remove the other dampening
                                                  wedge for Middle C.</span>
                                            </li>
                                            <li class="- topic/li task/step li step"
                                                css:display="list-item" css:margin-left="2em">
                                                <span class="- topic/ph task/cmd ph cmd"
                                                  css:display="inline">Place the tuning hammer on
                                                  the corresponding string that was
                                                  undampened.</span>
                                            </li>
                                            <li class="- topic/li task/step li step"
                                                css:display="list-item" css:margin-left="2em">
                                                <span class="- topic/ph task/cmd ph cmd"
                                                  css:display="inline">Press the piano key
                                                  repeatedly and match the pitch of the third string
                                                  to the first one.</span>
                                            </li>
                                            <li class="- topic/li task/step li step"
                                                css:display="list-item" css:margin-left="2em">
                                                <span class="- topic/ph task/cmd ph cmd"
                                                  css:display="inline">Repeat for the octave above
                                                  Middle C.</span>
                                            </li>
                                            <li class="- topic/li task/step li step"
                                                css:display="list-item" css:margin-left="2em">
                                                <span class="- topic/ph task/cmd ph cmd"
                                                  css:display="inline">Similarly, tune G (a fifth
                                                  above Middle C) while sounding both C and G to
                                                  match the overtones. Then lower it very slightly
                                                  and do this for any fifth that you tune.</span>
                                            </li>
                                            <li class="- topic/li task/step li step"
                                                css:display="list-item" css:margin-left="2em">
                                                <span class="- topic/ph task/cmd ph cmd"
                                                  css:display="inline">Then tune D above Middle C
                                                  while sounding G. You will tune this as a fourth
                                                  rather than a fifth. Raise the D pitch very
                                                  slightly and do this for any fourth that you
                                                  tune.</span>
                                            </li>
                                            <li class="- topic/li task/step li step"
                                                css:display="list-item" css:margin-left="2em">
                                                <span class="- topic/ph task/cmd ph cmd"
                                                  css:display="inline">Similarly, tune in sequence
                                                  all within the same octave: A with D, E with A, B
                                                  with E, F# with B, C# with F#, A♭ with D♭, E♭ with
                                                  A♭, B♭ with E♭, F with B♭.</span>
                                            </li>
                                            <li class="- topic/li task/step li step"
                                                css:display="list-item" css:margin-left="2em">
                                                <span class="- topic/ph task/cmd ph cmd"
                                                  css:display="inline">Play a scale progression that
                                                  uses major, minor, and other chord combinations
                                                  for each note of the octave. Make sure everything
                                                  sounds okay, making adjustments where
                                                  needed.</span>
                                            </li>
                                            <li class="- topic/li task/step li step"
                                                css:display="list-item" css:margin-left="2em">
                                                <span class="- topic/ph task/cmd ph cmd"
                                                  css:display="inline">Tune the next octave up by
                                                  matching in sequence to overtones exactly: Cs,
                                                  C#s, Ds, and so on.</span>
                                            </li>
                                            <li class="- topic/li task/step li step"
                                                css:display="list-item" css:margin-left="2em">
                                                <span class="- topic/ph task/cmd ph cmd"
                                                  css:display="inline">Tune all the octaves going to
                                                  the right, matching overtones for octaves exactly,
                                                  until you reach the end of the keyboard.</span>
                                            </li>
                                            <li class="- topic/li task/step li step"
                                                css:display="list-item" css:margin-left="2em">
                                                <span class="- topic/ph task/cmd ph cmd"
                                                  css:display="inline">Start back at Middle C and
                                                  work downward in sequence: Cs, Bs, B♭s, and so
                                                  on.</span>
                                            </li>
                                            <li class="- topic/li task/step li step"
                                                css:display="list-item" css:margin-left="2em">
                                                <span class="- topic/ph task/cmd ph cmd"
                                                  css:display="inline">Tune all the octaves going to
                                                  the left until you reach the end of the
                                                  keyboard.</span>
                                            </li>
                                            <li class="- topic/li task/step li step"
                                                css:display="list-item" css:margin-left="2em">
                                                <span class="- topic/ph task/cmd ph cmd"
                                                  css:display="inline">Play a favorite piece,
                                                  preferably one that uses many parts of the
                                                  keyboard. Adjust anything that sounds funny. When
                                                  you are done, enjoy the well-tuned piano!!</span>
                                            </li>
                                            <li class="- topic/li task/step li step"
                                                css:display="list-item" css:margin-left="2em">
                                                <span class="- topic/ph task/cmd ph cmd"
                                                  css:display="inline">Replace anything in the piano
                                                  that you had taken apart.</span>
                                            </li>
                                        </ol>
                                    </div>
                                    <div class="wh_related_links" css:display="block">
                                        <nav class="- topic/related-links related-links"
                                            css:display="block" role="navigation">
                                            <div
                                                class="- topic/linklist linklist relinfo relconcepts"
                                                css:display="block" css:margin-bottom="1em"
                                                css:margin-top="1em"
                                                outputclass="relinfo relconcepts">
                                                <strong css:display="inline" css:font-weight="bold"
                                                  >Related concepts</strong>
                                                <br css:display="block">
                                                  <css:after css:display="inline">
                                                  <css:text/>
                                                  </css:after>
                                                </br>
                                                <ul class="linklist" css:display="block"
                                                  css:list-style-type="disc" css:margin-bottom="1em"
                                                  css:margin-top="1.33em">
                                                  <li class="linklist" css:display="list-item"
                                                  css:margin-bottom="1em" css:margin-left="2em">
                                                  <a class="- topic/link link" css:color="blue"
                                                  css:display="inline" css:link="#unique_1"
                                                  css:text-decoration="underline" format="dita"
                                                  href="#unique_1"
                                                  title="You can tune a piano with just a few pieces of equipment."
                                                  type="concept">Tuning a Piano
                                                  Introduction<css:after css:display="inline"
                                                  css:font-style="italic" css:link="#unique_1"
                                                  css:text-decoration="underline"><css:text> (page
                                                  </css:text><css:target-counter
                                                  url-fragment="unique_1"
                                                  /><css:text>)</css:text></css:after></a>
                                                  </li>
                                                </ul>
                                            </div>
                                            <div class="- topic/linklist linklist relinfo relref"
                                                css:display="block" css:margin-bottom="1em"
                                                css:margin-top="1em" outputclass="relinfo relref">
                                                <strong css:display="inline" css:font-weight="bold"
                                                  >Related reference</strong>
                                                <br css:display="block">
                                                  <css:after css:display="inline">
                                                  <css:text/>
                                                  </css:after>
                                                </br>
                                                <ul class="linklist" css:display="block"
                                                  css:list-style-type="disc" css:margin-bottom="1em"
                                                  css:margin-top="1.33em">
                                                  <li class="linklist" css:display="list-item"
                                                  css:margin-bottom="1em" css:margin-left="2em">
                                                  <a class="- topic/link link" css:color="blue"
                                                  css:display="inline" css:link="#unique_3"
                                                  css:text-decoration="underline" format="dita"
                                                  href="#unique_3"
                                                  title="You may find these references useful for chord progressions and tuning schemes."
                                                  type="reference">References for Piano
                                                  Tuning<css:after css:display="inline"
                                                  css:font-style="italic" css:link="#unique_3"
                                                  css:text-decoration="underline"><css:text> (page
                                                  </css:text><css:target-counter
                                                  url-fragment="unique_3"
                                                  /><css:text>)</css:text></css:after></a>
                                                  </li>
                                                </ul>
                                            </div>
                                        </nav>
                                    </div>
                                </article>
                            </div>
                        </div>
                    </div>
                </div>
            </body>
        </html>
    </css:page-sequence>
    <css:page-sequence xmlns:nd="http://www.oxygenxml.com/css2fo/named-destinations"
        xmlns:oxy="http://www.oxygenxml.com/extensions/author" page="chapter">
        <html css:counter-reset=" page 1" css:display="block"
            css:font-family="serif, Times, Times New Roman, Symbol, MingLiU, MS Mincho, Arial Unicode MS"
            css:font-size="12px"
            xtrf="file:/F:/Lois/Dropbox/WorkingFiles/TechnicalWriting_Middlesex/05_Assignments/DITA_tuningApiano/mymap.ditamap">
            <body class="wh_topic_page" css:display="block" css:font-size="11.5pt"
                css:margin-left="auto" css:margin-right="auto">
                <div class="wh_content_area" css:display="block">
                    <div class="wh_topic_body" css:display="block">
                        <div class="wh_topic_content" css:display="block">
                            <div xmlns:ditaarch="http://dita.oasis-open.org/architecture/2005/"
                                cascade="merge" class="- map/map map"
                                css:counter-reset=" toc-chapter 0 chapter 0 figcount 0 tablecount 0"
                                css:display="block" ditaarch:ditaarchversion="1.3"
                                domains="(map mapgroup-d) (topic abbrev-d) (topic delay-d) a(props deliveryTarget) (map ditavalref-d) (map glossref-d) (topic hazard-d) (topic hi-d) (topic indexing-d) (topic markup-d) (topic pr-d) (topic relmgmt-d) (topic sw-d) (topic ui-d) (topic ut-d) (topic markup-d xml-d)">
                                <article aria-labelledby="ariaid-title3" break-before="true"
                                    class="- topic/topic reference/reference topic reference nested0"
                                    css:display="block" css:margin-top="1em"
                                    css:oxy-pdf-tag-type="Sect" id="unique_3" is-chapter="true"
                                    lang="en-US" nd:nd-id="pianoTuningReference"
                                    oid="pianoTuningReference" oxy:topicref-class="- map/topicref "
                                    xml:lang="en-US">
                                    <h1 class="- topic/title title topictitle1"
                                        css:bookmark-level="1" css:display="block"
                                        css:font-size="2em" css:margin-bottom="1em"
                                        css:margin-left="0" css:margin-right="0" css:margin-top="0"
                                        css:oxy-pdf-tag-type="H1" css:page-break-after="avoid"
                                        id="ariaid-title3"><css:string-set name="chaptertitle"
                                                ><css:text> | </css:text><css:counter name="chapter"
                                                value="3"/><css:text> - </css:text><css:content
                                                source="text"
                                                /></css:string-set><css:bookmark-label><css:content
                                                source="before"/><css:content source="text"
                                            /></css:bookmark-label><css:before css:display="inline"
                                                ><css:text>Chapter </css:text><css:counter
                                                name="chapter" value="3"/><css:text>.
                                            </css:text></css:before>References for Piano Tuning</h1>
                                    <div class="- topic/body reference/refbody body refbody"
                                        css:display="block" css:margin-bottom="0"
                                        css:margin-left="0" css:margin-right="0" css:margin-top="0">
                                        <p class="- topic/shortdesc shortdesc" css:display="block"
                                            css:margin-bottom="0.5em" css:margin-left="0"
                                            css:margin-right="0" css:margin-top="0.5em">You may find
                                            these references useful for chord progressions and
                                            tuning schemes.</p>
                                        <section class="- topic/section section" css:display="block"
                                            css:margin-bottom="1em" css:margin-top="1em"
                                            css:oxy-pdf-tag-type="Sect"
                                            id="unique_3_Connect_42_chordProgressions"
                                            nd:nd-id="chordProgressions">
                                            <h2 class="- topic/title title sectiontitle"
                                                css:bookmark-level="2" css:display="block"
                                                css:font-size="1.17em" css:font-weight="bold"
                                                css:margin-bottom="0" css:margin-left="0"
                                                css:margin-right="0" css:margin-top="1em"
                                                css:oxy-pdf-tag-type="H2"
                                                css:page-break-after="avoid"
                                                  ><css:bookmark-label><css:content source="text"
                                                  /></css:bookmark-label>Chord Progressions to Check
                                                Tuning</h2>
                                            <p class="- topic/p p" css:display="block"
                                                css:margin-bottom="0.5em" css:margin-left="0"
                                                css:margin-right="0" css:margin-top="1em">Major
                                                triad such as C-E-G</p>
                                            <p class="- topic/p p" css:display="block"
                                                css:margin-bottom="0.5em" css:margin-left="0"
                                                css:margin-right="0" css:margin-top="1em">Minor
                                                triad such as C-E♭-G</p>
                                            <p class="- topic/p p" css:display="block"
                                                css:margin-bottom="0.5em" css:margin-left="0"
                                                css:margin-right="0" css:margin-top="1em"
                                                >C-E♭-A♭</p>
                                            <p class="- topic/p p" css:display="block"
                                                css:margin-bottom="0.5em" css:margin-left="0"
                                                css:margin-right="0" css:margin-top="1em">Move up
                                                the chromatic scale and repeat the chord
                                                progression. Listen to make sure everything is about
                                                equally well-tuned.</p>
                                        </section>
                                        <section class="- topic/section section" css:display="block"
                                            css:margin-bottom="1em" css:margin-top="1em"
                                            css:oxy-pdf-tag-type="Sect"
                                            id="unique_3_Connect_42_tuningSchemes"
                                            nd:nd-id="tuningSchemes">
                                            <h2 class="- topic/title title sectiontitle"
                                                css:bookmark-level="2" css:display="block"
                                                css:font-size="1.17em" css:font-weight="bold"
                                                css:margin-bottom="0" css:margin-left="0"
                                                css:margin-right="0" css:margin-top="1em"
                                                css:oxy-pdf-tag-type="H2"
                                                css:page-break-after="avoid"
                                                  ><css:bookmark-label><css:content source="text"
                                                  /></css:bookmark-label>Tuning Schemes</h2>
                                            <p class="- topic/p p" css:display="block"
                                                css:margin-bottom="0.5em" css:margin-left="0"
                                                css:margin-right="0" css:margin-top="1em">Tune all
                                                fifths just slightly less than a perfect interval,
                                                and tune all fourths just slightly more than a
                                                perfect interval.</p>
                                            <p class="- topic/p p" css:display="block"
                                                css:margin-bottom="0.5em" css:margin-left="0"
                                                css:margin-right="0" css:margin-top="1em">Other
                                                tuning schemes maximize the sound for a particular
                                                key. You can research this further.</p>
                                        </section>
                                    </div>
                                </article>
                            </div>
                        </div>
                    </div>
                </div>
            </body>
        </html>
    </css:page-sequence>
</css:root>
